strategy,state_h1,trial,mean_on_fraction,mean_rising_edges_per_node,total_rising_edges,mean_on_duration_s
RR,0,0,0.01920265780730897,3.14,157,1.8407643312101911
RR,0,1,0.022325581395348838,3.66,183,1.8360655737704918
RR,0,2,0.021993355481727574,3.14,157,2.1082802547770703
RR,0,3,0.022192691029900333,3.72,186,1.7956989247311828
RR,0,4,0.018471760797342193,3.1,155,1.793548387096774
RR,0,5,0.018538205980066447,3.3,165,1.690909090909091
RR,0,6,0.018073089700996678,3.08,154,1.7662337662337662
RR,0,7,0.022325581395348838,3.14,157,2.140127388535032
RR,0,8,0.017807308970099668,2.88,144,1.8611111111111112
RR,0,9,0.023056478405315616,3.56,178,1.949438202247191
RR,0,10,0.019867109634551496,2.96,148,2.02027027027027
RR,0,11,0.018205980066445183,2.98,149,1.8389261744966443
RR,0,12,0.02345514950166113,3.96,198,1.7828282828282829
RR,0,13,0.019136212624584717,3.44,172,1.6744186046511629
RR,0,14,0.018870431893687707,3.04,152,1.868421052631579
RR,0,15,0.01707641196013289,3.0,150,1.7133333333333334
RR,0,16,0.01953488372093023,3.24,162,1.8148148148148149
RR,0,17,0.01953488372093023,3.1,155,1.896774193548387
RR,0,18,0.022458471760797342,3.5,175,1.9314285714285715
RR,0,19,0.017475083056478404,3.1,155,1.696774193548387
RR,0,20,0.020664451827242525,3.22,161,1.9316770186335404
RR,0,21,0.018338870431893688,3.04,152,1.8157894736842106
RR,0,22,0.016611295681063124,3.16,158,1.5822784810126582
RR,0,23,0.018073089700996678,3.1,155,1.7548387096774194
RR,0,24,0.019867109634551496,3.4,170,1.7588235294117647
RR,0,25,0.02106312292358804,3.6,180,1.761111111111111
RR,0,26,0.017209302325581394,2.94,147,1.7619047619047619
RR,0,27,0.020132890365448505,3.04,152,1.993421052631579
RR,0,28,0.02431893687707641,3.54,177,2.0677966101694913
RR,0,29,0.020132890365448505,3.16,158,1.9177215189873418
RR,0,30,0.020465116279069766,3.6,180,1.711111111111111
RR,0,31,0.017940199335548173,2.84,142,1.9014084507042253
RR,0,32,0.016943521594684385,2.8,140,1.8214285714285714
RR,0,33,0.020664451827242525,3.38,169,1.8402366863905326
RR,0,34,0.019667774086378736,3.0,150,1.9733333333333334
RR,0,35,0.01727574750830565,2.92,146,1.7808219178082192
RR,0,36,0.01973421926910299,3.24,162,1.8333333333333333
RR,0,37,0.019003322259136212,3.18,159,1.79874213836478
RR,0,38,0.019069767441860466,3.22,161,1.7826086956521738
RR,0,39,0.015282392026578074,2.92,146,1.5753424657534247
RR,0,40,0.019867109634551496,3.2,160,1.86875
RR,0,41,0.01707641196013289,2.96,148,1.7364864864864864
RR,0,42,0.017408637873754153,2.84,142,1.8450704225352113
RR,0,43,0.023122923588039867,3.66,183,1.901639344262295
RR,0,44,0.02857142857142857,4.22,211,2.037914691943128
RR,0,45,0.021926910299003323,3.74,187,1.7647058823529411
RR,0,46,0.019269102990033222,3.34,167,1.7365269461077844
RR,0,47,0.017142857142857144,2.8,140,1.8428571428571427
RR,0,48,0.018006644518272424,3.32,166,1.6325301204819278
RR,0,49,0.02106312292358804,3.36,168,1.8869047619047619
RR,0,50,0.020465116279069766,3.4,170,1.811764705882353
RR,0,51,0.017807308970099668,2.8,140,1.9142857142857144
RR,0,52,0.022657807308970098,3.78,189,1.8042328042328042
RR,0,53,0.01581395348837209,2.78,139,1.7122302158273381
RR,0,54,0.02292358803986711,3.48,174,1.9827586206896552
RR,0,55,0.020863787375415284,3.6,180,1.7444444444444445
RR,0,56,0.018538205980066447,3.0,150,1.86
RR,0,57,0.019003322259136212,3.24,162,1.7654320987654322
RR,0,58,0.022192691029900333,3.36,168,1.9880952380952381
RR,0,59,0.020398671096345515,3.18,159,1.930817610062893
RR,0,60,0.02132890365448505,3.14,157,2.0445859872611467
RR,0,61,0.021395348837209303,3.32,166,1.9397590361445782
RR,0,62,0.02352159468438538,3.68,184,1.923913043478261
RR,0,63,0.014817275747508305,2.56,128,1.7421875
RR,0,64,0.018272425249169437,2.84,142,1.9366197183098592
RR,0,65,0.022724252491694352,3.68,184,1.858695652173913
RR,0,66,0.020132890365448505,3.36,168,1.8035714285714286
RR,0,67,0.018338870431893688,3.22,161,1.7142857142857142
RR,0,68,0.021794019933554818,3.54,177,1.8531073446327684
RR,0,69,0.015348837209302326,2.68,134,1.7238805970149254
RR,0,70,0.021727574750830564,3.6,180,1.8166666666666667
RR,0,71,0.019867109634551496,3.28,164,1.8231707317073171
RR,0,72,0.017940199335548173,3.0,150,1.8
RR,0,73,0.019933554817275746,3.2,160,1.875
RR,0,74,0.026445182724252492,4.06,203,1.9605911330049262
RR,0,75,0.02006644518272425,3.38,169,1.78698224852071
RR,0,76,0.019933554817275746,3.28,164,1.829268292682927
RR,0,77,0.017740863787375414,2.96,148,1.804054054054054
RR,0,78,0.020398671096345515,3.64,182,1.6868131868131868
RR,0,79,0.021926910299003323,3.4,170,1.9411764705882353
RR,0,80,0.019867109634551496,3.1,155,1.929032258064516
RR,0,81,0.019003322259136212,3.0,150,1.9066666666666667
RR,0,82,0.01946843853820598,3.22,161,1.8198757763975155
RR,0,83,0.014950166112956811,2.8,140,1.6071428571428572
RR,0,84,0.02,3.48,174,1.7298850574712643
RR,0,85,0.01980066445182724,3.22,161,1.8509316770186335
RR,0,86,0.017142857142857144,2.78,139,1.856115107913669
RR,0,87,0.02099667774086379,3.56,178,1.7752808988764044
RR,0,88,0.016345514950166114,3.22,161,1.5279503105590062
RR,0,89,0.01980066445182724,2.9,145,2.0551724137931036
RR,0,90,0.01700996677740864,2.9,145,1.7655172413793103
RR,0,91,0.018870431893687707,3.46,173,1.6416184971098267
RR,0,92,0.020863787375415284,3.66,183,1.715846994535519
RR,0,93,0.019933554817275746,3.3,165,1.8181818181818181
RR,0,94,0.025980066445182724,3.78,189,2.068783068783069
RR,0,95,0.02159468438538206,3.56,178,1.8258426966292134
RR,0,96,0.020863787375415284,3.24,162,1.9382716049382716
RR,0,97,0.01980066445182724,2.96,148,2.0135135135135136
RR,0,98,0.02006644518272425,3.0,150,2.013333333333333
RR,0,99,0.02132890365448505,3.68,184,1.7445652173913044
RR,0,100,0.01681063122923588,2.96,148,1.7094594594594594
RR,0,101,0.019136212624584717,3.38,169,1.7041420118343196
RR,0,102,0.019069767441860466,3.1,155,1.8516129032258064
RR,0,103,0.02,3.26,163,1.8466257668711656
RR,0,104,0.019933554817275746,3.28,164,1.829268292682927
RR,0,105,0.021395348837209303,3.36,168,1.9166666666666667
RR,0,106,0.017807308970099668,3.06,153,1.7516339869281046
RR,0,107,0.02345514950166113,3.66,183,1.9289617486338797
RR,0,108,0.02212624584717608,3.32,166,2.0060240963855422
RR,0,109,0.024717607973421925,3.96,198,1.878787878787879
RR,0,110,0.017674418604651163,2.96,148,1.7972972972972974
RR,0,111,0.019401993355481727,3.36,168,1.7380952380952381
RR,0,112,0.01647840531561462,2.82,141,1.7588652482269505
RR,0,113,0.02073089700996678,3.14,157,1.9872611464968153
RR,0,114,0.023056478405315616,3.8,190,1.8263157894736841
RR,0,115,0.018205980066445183,2.72,136,2.014705882352941
RR,0,116,0.017408637873754153,2.98,149,1.7583892617449663
RR,0,117,0.019269102990033222,2.94,147,1.9727891156462585
RR,0,118,0.019069767441860466,3.04,152,1.888157894736842
RR,0,119,0.019269102990033222,3.36,168,1.7261904761904763
RR,0,120,0.020598006644518274,3.26,163,1.901840490797546
RR,0,121,0.02099667774086379,3.56,178,1.7752808988764044
RR,0,122,0.019069767441860466,3.18,159,1.8050314465408805
RR,0,123,0.016611295681063124,3.08,154,1.6233766233766234
RR,0,124,0.020398671096345515,3.24,162,1.8950617283950617
RR,0,125,0.0212624584717608,3.6,180,1.7777777777777777
RR,0,126,0.019601328903654486,3.18,159,1.8553459119496856
RR,0,127,0.018538205980066447,2.92,146,1.9109589041095891
RR,0,128,0.01707641196013289,2.86,143,1.7972027972027973
RR,0,129,0.020930232558139535,3.88,194,1.6237113402061856
RR,0,130,0.022059800664451828,3.58,179,1.8547486033519553
RR,0,131,0.021794019933554818,3.5,175,1.8742857142857143
RR,0,132,0.02152823920265781,3.24,162,2.0
RR,0,133,0.021461794019933554,3.42,171,1.8888888888888888
RR,0,134,0.021926910299003323,3.58,179,1.8435754189944134
RR,0,135,0.016611295681063124,2.9,145,1.7241379310344827
RR,0,136,0.02073089700996678,3.4,170,1.8352941176470587
RR,0,137,0.022192691029900333,3.58,179,1.8659217877094971
RR,0,138,0.019335548172757476,3.1,155,1.8774193548387097
RR,0,139,0.02026578073089701,3.48,174,1.7528735632183907
RR,0,140,0.018737541528239202,3.16,158,1.7848101265822784
RR,0,141,0.01681063122923588,2.96,148,1.7094594594594594
RR,0,142,0.02106312292358804,3.5,175,1.8114285714285714
RR,0,143,0.01813953488372093,2.86,143,1.9090909090909092
RR,0,144,0.019401993355481727,3.38,169,1.727810650887574
RR,0,145,0.02099667774086379,3.58,179,1.76536312849162
RR,0,146,0.019003322259136212,3.22,161,1.7763975155279503
RR,0,147,0.018737541528239202,3.36,168,1.6785714285714286
RR,0,148,0.019003322259136212,3.18,159,1.79874213836478
RR,0,149,0.01674418604651163,2.8,140,1.8
RR,0,150,0.017940199335548173,3.3,165,1.6363636363636365
RR,0,151,0.017807308970099668,3.1,155,1.729032258064516
RR,0,152,0.01980066445182724,3.28,164,1.8170731707317074
RR,0,153,0.019335548172757476,3.14,157,1.8535031847133758
RR,0,154,0.020664451827242525,3.36,168,1.8511904761904763
RR,0,155,0.02186046511627907,3.48,174,1.8908045977011494
RR,0,156,0.021794019933554818,3.42,171,1.9181286549707601
RR,0,157,0.01760797342192691,2.84,142,1.8661971830985915
RR,0,158,0.022857142857142857,3.7,185,1.8594594594594596
RR,0,159,0.022990033222591362,3.42,171,2.0233918128654973
RR,0,160,0.02458471760797342,4.06,203,1.8226600985221675
RR,0,161,0.017475083056478404,2.88,144,1.8263888888888888
RR,0,162,0.02372093023255814,3.54,177,2.016949152542373
RR,0,163,0.019335548172757476,3.42,171,1.7017543859649122
RR,0,164,0.018870431893687707,3.18,159,1.7861635220125787
RR,0,165,0.020598006644518274,3.34,167,1.8562874251497006
RR,0,166,0.020199335548172756,3.52,176,1.7272727272727273
RR,0,167,0.02132890365448505,3.56,178,1.803370786516854
RR,0,168,0.018405315614617942,3.06,153,1.8104575163398693
RR,0,169,0.023654485049833886,3.74,187,1.9037433155080214
RR,0,170,0.02033222591362126,3.12,156,1.9615384615384615
RR,0,171,0.015880398671096346,2.9,145,1.6482758620689655
RR,0,172,0.023588039867109636,3.8,190,1.868421052631579
RR,0,173,0.015880398671096346,2.66,133,1.7969924812030076
RR,0,174,0.02458471760797342,3.8,190,1.9473684210526316
RR,0,175,0.01973421926910299,3.14,157,1.89171974522293
RR,0,176,0.02006644518272425,3.42,171,1.7660818713450293
RR,0,177,0.020863787375415284,3.42,171,1.8362573099415205
RR,0,178,0.01754152823920266,2.92,146,1.8082191780821917
RR,0,179,0.019269102990033222,3.1,155,1.8709677419354838
RR,0,180,0.020199335548172756,3.46,173,1.7572254335260116
RR,0,181,0.01707641196013289,3.0,150,1.7133333333333334
RR,0,182,0.02053156146179402,3.26,163,1.8957055214723926
RR,0,183,0.019401993355481727,2.86,143,2.041958041958042
RR,0,184,0.02186046511627907,3.24,162,2.0308641975308643
RR,0,185,0.017475083056478404,2.78,139,1.8920863309352518
RR,0,186,0.01787375415282392,2.94,147,1.8299319727891157
RR,0,187,0.021395348837209303,3.38,169,1.9053254437869822
RR,0,188,0.015681063122923587,2.62,131,1.8015267175572518
RR,0,189,0.020863787375415284,3.4,170,1.8470588235294119
RR,0,190,0.01953488372093023,2.92,146,2.0136986301369864
RR,0,191,0.01700996677740864,2.98,149,1.7181208053691275
RR,0,192,0.02,3.04,152,1.980263157894737
RR,0,193,0.020863787375415284,3.48,174,1.8045977011494252
RR,0,194,0.022192691029900333,3.78,189,1.7671957671957672
RR,0,195,0.018538205980066447,3.1,155,1.8
RR,0,196,0.017740863787375414,3.08,154,1.7337662337662338
RR,0,197,0.02152823920265781,3.36,168,1.9285714285714286
RR,0,198,0.01754152823920266,3.08,154,1.7142857142857142
RR,0,199,0.018405315614617942,3.38,169,1.6390532544378698
RR,0,200,0.022524916943521593,3.74,187,1.8128342245989304
RR,0,201,0.02132890365448505,3.52,176,1.8238636363636365
RR,0,202,0.017940199335548173,3.06,153,1.7647058823529411
RR,0,203,0.02292358803986711,3.72,186,1.8548387096774193
RR,0,204,0.01654485049833887,2.94,147,1.6938775510204083
RR,0,205,0.019601328903654486,3.32,166,1.7771084337349397
RR,0,206,0.019933554817275746,3.34,167,1.7964071856287425
RR,0,207,0.02073089700996678,3.36,168,1.8571428571428572
RR,0,208,0.018006644518272424,2.94,147,1.8435374149659864
RR,0,209,0.01920265780730897,3.02,151,1.913907284768212
RR,0,210,0.02132890365448505,3.42,171,1.8771929824561404
RR,0,211,0.015282392026578074,2.68,134,1.7164179104477613
RR,0,212,0.02212624584717608,3.52,176,1.8920454545454546
RR,0,213,0.01953488372093023,2.92,146,2.0136986301369864
RR,0,214,0.019601328903654486,3.2,160,1.84375
RR,0,215,0.020199335548172756,3.34,167,1.8203592814371257
RR,0,216,0.017740863787375414,3.1,155,1.7225806451612904
RR,0,217,0.02006644518272425,3.44,172,1.755813953488372
RR,0,218,0.021661129568106313,3.5,175,1.8628571428571428
RR,0,219,0.023056478405315616,3.52,176,1.9715909090909092
RR,0,220,0.02073089700996678,3.32,166,1.8795180722891567
RR,0,221,0.02152823920265781,3.52,176,1.8409090909090908
RR,0,222,0.023255813953488372,3.28,164,2.1341463414634148
RR,0,223,0.022458471760797342,3.44,172,1.9651162790697674
RR,0,224,0.022724252491694352,3.72,186,1.8387096774193548
RR,0,225,0.01813953488372093,2.98,149,1.832214765100671
RR,0,226,0.01627906976744186,2.7,135,1.8148148148148149
RR,0,227,0.017408637873754153,2.6,130,2.0153846153846153
RR,0,228,0.017475083056478404,2.6,130,2.023076923076923
RR,0,229,0.01813953488372093,2.72,136,2.0073529411764706
RR,0,230,0.017807308970099668,2.72,136,1.9705882352941178
RR,0,231,0.018073089700996678,3.12,156,1.7435897435897436
RR,0,232,0.02053156146179402,3.06,153,2.019607843137255
RR,0,233,0.02,3.24,162,1.8580246913580247
RR,0,234,0.02239202657807309,3.36,168,2.005952380952381
RR,0,235,0.020863787375415284,3.32,166,1.891566265060241
RR,0,236,0.019601328903654486,3.16,158,1.8670886075949367
RR,0,237,0.02132890365448505,3.22,161,1.9937888198757765
RR,0,238,0.018272425249169437,3.42,171,1.608187134502924
RR,0,239,0.01574750830564784,2.88,144,1.6458333333333333
RR,0,240,0.01813953488372093,2.82,141,1.9361702127659575
RR,0,241,0.022192691029900333,3.8,190,1.7578947368421052
RR,0,242,0.019601328903654486,3.02,151,1.9536423841059603
RR,0,243,0.018538205980066447,3.04,152,1.8355263157894737
RR,0,244,0.015149501661129569,2.76,138,1.6521739130434783
RR,0,245,0.02006644518272425,2.98,149,2.0268456375838926
RR,0,246,0.014883720930232559,2.7,135,1.6592592592592592
RR,0,247,0.018604651162790697,3.18,159,1.7610062893081762
RR,0,248,0.019867109634551496,3.64,182,1.6428571428571428
RR,0,249,0.016677740863787375,2.92,146,1.7191780821917808
TR,0,0,0.016877076411960134,2.46,123,2.065040650406504
TR,0,1,0.01787375415282392,2.78,139,1.935251798561151
TR,0,2,0.017408637873754153,2.66,133,1.9699248120300752
TR,0,3,0.022790697674418603,3.36,168,2.0416666666666665
TR,0,4,0.019401993355481727,2.68,134,2.1791044776119404
TR,0,5,0.02026578073089701,3.28,164,1.8597560975609757
TR,0,6,0.019335548172757476,2.86,143,2.034965034965035
TR,0,7,0.022657807308970098,2.9,145,2.3517241379310345
TR,0,8,0.021196013289036544,2.78,139,2.2949640287769784
TR,0,9,0.02239202657807309,3.4,170,1.9823529411764707
TR,0,10,0.022990033222591362,3.48,174,1.9885057471264367
TR,0,11,0.017740863787375414,2.66,133,2.007518796992481
TR,0,12,0.019667774086378736,2.8,140,2.1142857142857143
TR,0,13,0.020199335548172756,3.16,158,1.9240506329113924
TR,0,14,0.01647840531561462,2.7,135,1.837037037037037
TR,0,15,0.019401993355481727,3.12,156,1.8717948717948718
TR,0,16,0.022524916943521593,3.24,162,2.0925925925925926
TR,0,17,0.020863787375415284,3.06,153,2.052287581699346
TR,0,18,0.023322259136212626,3.4,170,2.0647058823529414
TR,0,19,0.020598006644518274,3.14,157,1.9745222929936306
TR,0,20,0.019933554817275746,3.0,150,2.0
TR,0,21,0.015548172757475083,2.54,127,1.8425196850393701
TR,0,22,0.016943521594684385,2.72,136,1.875
TR,0,23,0.02026578073089701,2.74,137,2.2262773722627736
TR,0,24,0.019601328903654486,3.12,156,1.891025641025641
TR,0,25,0.019667774086378736,3.02,151,1.9602649006622517
TR,0,26,0.017475083056478404,2.98,149,1.7651006711409396
TR,0,27,0.020664451827242525,2.98,149,2.087248322147651
TR,0,28,0.02877076411960133,3.82,191,2.2670157068062826
TR,0,29,0.024119601328903655,3.62,181,2.005524861878453
TR,0,30,0.02053156146179402,2.8,140,2.2071428571428573
TR,0,31,0.020398671096345515,3.14,157,1.9554140127388535
TR,0,32,0.018870431893687707,2.64,132,2.1515151515151514
TR,0,33,0.021926910299003323,3.08,154,2.142857142857143
TR,0,34,0.016943521594684385,2.38,119,2.142857142857143
TR,0,35,0.017940199335548173,2.7,135,2.0
TR,0,36,0.019069767441860466,3.32,166,1.7289156626506024
TR,0,37,0.02186046511627907,3.02,151,2.1788079470198674
TR,0,38,0.02212624584717608,3.28,164,2.0304878048780486
TR,0,39,0.019335548172757476,3.04,152,1.9144736842105263
TR,0,40,0.021926910299003323,3.2,160,2.0625
TR,0,41,0.018803986710963456,2.76,138,2.050724637681159
TR,0,42,0.015614617940199336,2.52,126,1.8650793650793651
TR,0,43,0.020398671096345515,3.02,151,2.033112582781457
TR,0,44,0.023056478405315616,3.0,150,2.3133333333333335
TR,0,45,0.0212624584717608,3.06,153,2.0915032679738563
TR,0,46,0.017740863787375414,2.78,139,1.920863309352518
TR,0,47,0.020664451827242525,2.98,149,2.087248322147651
TR,0,48,0.021661129568106313,3.2,160,2.0375
TR,0,49,0.019069767441860466,2.86,143,2.006993006993007
TR,0,50,0.018538205980066447,2.88,144,1.9375
TR,0,51,0.018205980066445183,2.86,143,1.916083916083916
TR,0,52,0.02504983388704319,3.68,184,2.0489130434782608
TR,0,53,0.015149501661129569,2.4,120,1.9
TR,0,54,0.021727574750830564,2.84,142,2.3028169014084505
TR,0,55,0.018803986710963456,3.02,151,1.8741721854304636
TR,0,56,0.01727574750830565,2.36,118,2.2033898305084745
TR,0,57,0.020132890365448505,3.02,151,2.006622516556291
TR,0,58,0.02186046511627907,3.48,174,1.8908045977011494
TR,0,59,0.01946843853820598,2.82,141,2.078014184397163
TR,0,60,0.018073089700996678,2.62,131,2.0763358778625953
TR,0,61,0.017408637873754153,2.62,131,2.0
TR,0,62,0.022657807308970098,3.18,159,2.1446540880503147
TR,0,63,0.016079734219269105,2.78,139,1.7410071942446044
TR,0,64,0.01760797342192691,2.78,139,1.9064748201438848
TR,0,65,0.025382059800664453,3.32,166,2.3012048192771086
TR,0,66,0.019933554817275746,2.8,140,2.142857142857143
TR,0,67,0.02132890365448505,3.14,157,2.0445859872611467
TR,0,68,0.02026578073089701,2.7,135,2.259259259259259
TR,0,69,0.016146179401993355,2.4,120,2.025
TR,0,70,0.01980066445182724,2.98,149,2.0
TR,0,71,0.018604651162790697,3.02,151,1.8543046357615893
TR,0,72,0.01700996677740864,2.62,131,1.9541984732824427
TR,0,73,0.020132890365448505,2.84,142,2.1338028169014085
TR,0,74,0.02378737541528239,3.44,172,2.0813953488372094
TR,0,75,0.018338870431893688,2.9,145,1.903448275862069
TR,0,76,0.022259136212624583,3.18,159,2.106918238993711
TR,0,77,0.02,2.86,143,2.104895104895105
TR,0,78,0.020199335548172756,3.14,157,1.9363057324840764
TR,0,79,0.019867109634551496,2.68,134,2.2313432835820897
TR,0,80,0.01973421926910299,2.86,143,2.076923076923077
TR,0,81,0.01760797342192691,2.7,135,1.962962962962963
TR,0,82,0.019401993355481727,2.98,149,1.9597315436241611
TR,0,83,0.01647840531561462,2.82,141,1.7588652482269505
TR,0,84,0.01973421926910299,3.02,151,1.966887417218543
TR,0,85,0.018803986710963456,2.68,134,2.111940298507463
TR,0,86,0.01760797342192691,2.68,134,1.9776119402985075
TR,0,87,0.018604651162790697,2.74,137,2.0437956204379564
TR,0,88,0.01893687707641196,3.1,155,1.8387096774193548
TR,0,89,0.020664451827242525,2.86,143,2.174825174825175
TR,0,90,0.017940199335548173,2.74,137,1.9708029197080292
TR,0,91,0.02106312292358804,3.1,155,2.0451612903225804
TR,0,92,0.024451827242524916,3.32,166,2.216867469879518
TR,0,93,0.020199335548172756,2.98,149,2.040268456375839
TR,0,94,0.022524916943521593,3.0,150,2.26
TR,0,95,0.019136212624584717,3.24,162,1.7777777777777777
TR,0,96,0.020465116279069766,2.72,136,2.264705882352941
TR,0,97,0.01787375415282392,2.8,140,1.9214285714285715
TR,0,98,0.013820598006644518,2.24,112,1.8571428571428572
TR,0,99,0.023920265780730896,3.3,165,2.1818181818181817
TR,0,100,0.01700996677740864,2.5,125,2.048
TR,0,101,0.018870431893687707,2.96,148,1.9189189189189189
TR,0,102,0.023255813953488372,3.56,178,1.9662921348314606
TR,0,103,0.017142857142857144,2.68,134,1.9253731343283582
TR,0,104,0.019601328903654486,2.96,148,1.9932432432432432
TR,0,105,0.022591362126245847,3.38,169,2.0118343195266273
TR,0,106,0.016146179401993355,2.6,130,1.8692307692307693
TR,0,107,0.025714285714285714,3.16,158,2.449367088607595
TR,0,108,0.021661129568106313,3.26,163,2.0
TR,0,109,0.02458471760797342,3.18,159,2.3270440251572326
TR,0,110,0.01787375415282392,2.68,134,2.0074626865671643
TR,0,111,0.022259136212624583,3.54,177,1.8926553672316384
TR,0,112,0.019667774086378736,2.92,146,2.0273972602739727
TR,0,113,0.019401993355481727,2.84,142,2.056338028169014
TR,0,114,0.023388704318936877,3.3,165,2.1333333333333333
TR,0,115,0.01787375415282392,2.6,130,2.0692307692307694
TR,0,116,0.016877076411960134,2.86,143,1.7762237762237763
TR,0,117,0.021461794019933554,3.14,157,2.0573248407643314
TR,0,118,0.021461794019933554,3.12,156,2.0705128205128207
TR,0,119,0.019136212624584717,2.78,139,2.0719424460431655
TR,0,120,0.02352159468438538,3.56,178,1.9887640449438202
TR,0,121,0.018405315614617942,2.9,145,1.910344827586207
TR,0,122,0.01674418604651163,2.68,134,1.8805970149253732
TR,0,123,0.015016611295681064,2.4,120,1.8833333333333333
TR,0,124,0.01787375415282392,2.68,134,2.0074626865671643
TR,0,125,0.016877076411960134,2.6,130,1.9538461538461538
TR,0,126,0.02026578073089701,2.94,147,2.074829931972789
TR,0,127,0.018272425249169437,2.9,145,1.896551724137931
TR,0,128,0.019269102990033222,3.02,151,1.9205298013245033
TR,0,129,0.021196013289036544,3.52,176,1.8125
TR,0,130,0.021727574750830564,3.16,158,2.069620253164557
TR,0,131,0.019867109634551496,3.0,150,1.9933333333333334
TR,0,132,0.022325581395348838,3.04,152,2.210526315789474
TR,0,133,0.019136212624584717,2.6,130,2.2153846153846155
TR,0,134,0.022325581395348838,3.1,155,2.167741935483871
TR,0,135,0.018604651162790697,2.68,134,2.08955223880597
TR,0,136,0.022657807308970098,3.1,155,2.2
TR,0,137,0.022259136212624583,3.38,169,1.982248520710059
TR,0,138,0.019003322259136212,2.64,132,2.1666666666666665
TR,0,139,0.016345514950166114,2.54,127,1.937007874015748
TR,0,140,0.02,3.02,151,1.9933774834437086
TR,0,141,0.01787375415282392,2.6,130,2.0692307692307694
TR,0,142,0.023255813953488372,3.24,162,2.1604938271604937
TR,0,143,0.015548172757475083,2.4,120,1.95
TR,0,144,0.02073089700996678,3.1,155,2.0129032258064514
TR,0,145,0.022192691029900333,3.28,164,2.0365853658536586
TR,0,146,0.02033222591362126,3.12,156,1.9615384615384615
TR,0,147,0.018538205980066447,2.84,142,1.9647887323943662
TR,0,148,0.01787375415282392,2.64,132,2.037878787878788
TR,0,149,0.02026578073089701,3.2,160,1.90625
TR,0,150,0.019401993355481727,3.36,168,1.7380952380952381
TR,0,151,0.01953488372093023,3.16,158,1.860759493670886
TR,0,152,0.019401993355481727,3.06,153,1.908496732026144
TR,0,153,0.021461794019933554,3.1,155,2.0838709677419356
TR,0,154,0.023920265780730896,3.48,174,2.0689655172413794
TR,0,155,0.023056478405315616,3.24,162,2.1419753086419755
TR,0,156,0.023920265780730896,3.16,158,2.278481012658228
TR,0,157,0.015946843853820596,2.48,124,1.935483870967742
TR,0,158,0.01920265780730897,2.92,146,1.9794520547945205
TR,0,159,0.0212624584717608,3.18,159,2.0125786163522013
TR,0,160,0.024186046511627906,3.66,183,1.989071038251366
TR,0,161,0.020199335548172756,2.62,131,2.3206106870229006
TR,0,162,0.02,2.9,145,2.075862068965517
TR,0,163,0.020132890365448505,3.22,161,1.8819875776397517
TR,0,164,0.02,3.08,154,1.9545454545454546
TR,0,165,0.02485049833887043,3.38,169,2.21301775147929
TR,0,166,0.018405315614617942,2.82,141,1.9645390070921986
TR,0,167,0.019867109634551496,2.86,143,2.090909090909091
TR,0,168,0.021129568106312294,3.36,168,1.8928571428571428
TR,0,169,0.02,2.82,141,2.1347517730496453
TR,0,170,0.01980066445182724,3.02,151,1.9735099337748345
TR,0,171,0.01787375415282392,3.0,150,1.7933333333333332
TR,0,172,0.021993355481727574,2.8,140,2.3642857142857143
TR,0,173,0.017674418604651163,2.78,139,1.9136690647482015
TR,0,174,0.020132890365448505,3.04,152,1.993421052631579
TR,0,175,0.019269102990033222,2.82,141,2.0567375886524824
TR,0,176,0.02106312292358804,3.48,174,1.8218390804597702
TR,0,177,0.02033222591362126,2.94,147,2.0816326530612246
TR,0,178,0.02106312292358804,3.14,157,2.0191082802547773
TR,0,179,0.022524916943521593,3.26,163,2.079754601226994
TR,0,180,0.02345514950166113,3.22,161,2.1925465838509317
TR,0,181,0.018405315614617942,2.52,126,2.1984126984126986
TR,0,182,0.020132890365448505,3.26,163,1.8588957055214723
TR,0,183,0.019269102990033222,2.86,143,2.027972027972028
TR,0,184,0.02292358803986711,2.92,146,2.363013698630137
TR,0,185,0.018471760797342193,2.82,141,1.9716312056737588
TR,0,186,0.0173421926910299,2.96,148,1.7635135135135136
TR,0,187,0.022259136212624583,2.9,145,2.310344827586207
TR,0,188,0.01654485049833887,2.52,126,1.9761904761904763
TR,0,189,0.022657807308970098,3.1,155,2.2
TR,0,190,0.01980066445182724,2.88,144,2.0694444444444446
TR,0,191,0.018471760797342193,3.04,152,1.8289473684210527
TR,0,192,0.01787375415282392,2.76,138,1.9492753623188406
TR,0,193,0.018604651162790697,2.9,145,1.9310344827586208
TR,0,194,0.02,2.86,143,2.104895104895105
TR,0,195,0.017209302325581394,2.5,125,2.072
TR,0,196,0.018471760797342193,2.78,139,2.0
TR,0,197,0.021993355481727574,3.5,175,1.8914285714285715
TR,0,198,0.018006644518272424,2.78,139,1.9496402877697843
TR,0,199,0.020465116279069766,3.12,156,1.9743589743589745
TR,0,200,0.02372093023255814,3.6,180,1.9833333333333334
TR,0,201,0.022458471760797342,3.1,155,2.1806451612903226
TR,0,202,0.02132890365448505,3.16,158,2.0316455696202533
TR,0,203,0.02239202657807309,3.6,180,1.8722222222222222
TR,0,204,0.018870431893687707,2.8,140,2.0285714285714285
TR,0,205,0.021993355481727574,3.3,165,2.006060606060606
TR,0,206,0.02584717607973422,3.32,166,2.3433734939759034
TR,0,207,0.018737541528239202,2.94,147,1.9183673469387754
TR,0,208,0.017940199335548173,2.62,131,2.0610687022900764
TR,0,209,0.020863787375415284,2.68,134,2.343283582089552
TR,0,210,0.01973421926910299,2.74,137,2.167883211678832
TR,0,211,0.015415282392026579,2.32,116,2.0
TR,0,212,0.016611295681063124,2.54,127,1.968503937007874
TR,0,213,0.01946843853820598,2.74,137,2.1386861313868613
TR,0,214,0.02053156146179402,3.12,156,1.9807692307692308
TR,0,215,0.020465116279069766,3.12,156,1.9743589743589745
TR,0,216,0.022524916943521593,3.46,173,1.9595375722543353
TR,0,217,0.02132890365448505,3.3,165,1.9454545454545455
TR,0,218,0.02033222591362126,2.98,149,2.053691275167785
TR,0,219,0.01973421926910299,2.88,144,2.0625
TR,0,220,0.02026578073089701,2.9,145,2.103448275862069
TR,0,221,0.020132890365448505,3.06,153,1.9803921568627452
TR,0,222,0.019933554817275746,2.74,137,2.18978102189781
TR,0,223,0.020863787375415284,2.76,138,2.2753623188405796
TR,0,224,0.021993355481727574,3.22,161,2.0559006211180124
TR,0,225,0.018272425249169437,2.82,141,1.950354609929078
TR,0,226,0.018338870431893688,2.94,147,1.8775510204081634
TR,0,227,0.014086378737541528,2.06,103,2.058252427184466
TR,0,228,0.02033222591362126,2.78,139,2.2014388489208634
TR,0,229,0.01813953488372093,2.64,132,2.0681818181818183
TR,0,230,0.020398671096345515,2.7,135,2.274074074074074
TR,0,231,0.017807308970099668,2.8,140,1.9142857142857144
TR,0,232,0.018471760797342193,3.1,155,1.793548387096774
TR,0,233,0.02239202657807309,3.2,160,2.10625
TR,0,234,0.01973421926910299,2.9,145,2.0482758620689654
TR,0,235,0.02239202657807309,2.98,149,2.261744966442953
TR,0,236,0.020598006644518274,2.84,142,2.183098591549296
TR,0,237,0.018405315614617942,2.72,136,2.036764705882353
TR,0,238,0.02159468438538206,3.14,157,2.070063694267516
TR,0,239,0.018006644518272424,2.74,137,1.9781021897810218
TR,0,240,0.018803986710963456,2.64,132,2.143939393939394
TR,0,241,0.019269102990033222,2.9,145,2.0
TR,0,242,0.01920265780730897,2.86,143,2.020979020979021
TR,0,243,0.018803986710963456,2.86,143,1.979020979020979
TR,0,244,0.015548172757475083,2.6,130,1.8
TR,0,245,0.021661129568106313,2.66,133,2.4511278195488724
TR,0,246,0.017807308970099668,2.86,143,1.8741258741258742
TR,0,247,0.02345514950166113,3.12,156,2.2628205128205128
TR,0,248,0.022059800664451828,3.4,170,1.9529411764705882
TR,0,249,0.019401993355481727,3.0,150,1.9466666666666668
EIR,0,0,0.022524916943521593,2.92,146,2.3219178082191783
EIR,0,1,0.02504983388704319,3.0,150,2.513333333333333
EIR,0,2,0.026710963455149502,3.6,180,2.2333333333333334
EIR,0,3,0.022325581395348838,3.08,154,2.1818181818181817
EIR,0,4,0.019667774086378736,2.86,143,2.06993006993007
EIR,0,5,0.02372093023255814,3.32,166,2.1506024096385543
EIR,0,6,0.022657807308970098,3.16,158,2.1582278481012658
EIR,0,7,0.023853820598006645,3.12,156,2.301282051282051
EIR,0,8,0.026378737541528238,3.0,150,2.6466666666666665
EIR,0,9,0.026777408637873753,3.46,173,2.3294797687861273
EIR,0,10,0.027906976744186046,3.6,180,2.3333333333333335
EIR,0,11,0.02584717607973422,3.06,153,2.542483660130719
EIR,0,12,0.02478405315614618,3.26,163,2.2883435582822087
EIR,0,13,0.01627906976744186,2.64,132,1.856060606060606
EIR,0,14,0.021129568106312294,2.74,137,2.321167883211679
EIR,0,15,0.021661129568106313,2.78,139,2.3453237410071943
EIR,0,16,0.02053156146179402,2.88,144,2.1458333333333335
EIR,0,17,0.02239202657807309,3.36,168,2.005952380952381
EIR,0,18,0.02398671096345515,3.34,167,2.161676646706587
EIR,0,19,0.02,2.74,137,2.197080291970803
EIR,0,20,0.021129568106312294,2.8,140,2.2714285714285714
EIR,0,21,0.023588039867109636,3.04,152,2.335526315789474
EIR,0,22,0.02431893687707641,3.0,150,2.44
EIR,0,23,0.024119601328903655,3.0,150,2.42
EIR,0,24,0.021926910299003323,3.04,152,2.1710526315789473
EIR,0,25,0.019867109634551496,2.76,138,2.1666666666666665
EIR,0,26,0.02485049833887043,3.32,166,2.253012048192771
EIR,0,27,0.019401993355481727,2.58,129,2.2635658914728682
EIR,0,28,0.025448504983388704,3.26,163,2.3496932515337425
EIR,0,29,0.02372093023255814,2.96,148,2.4121621621621623
EIR,0,30,0.02823920265780731,3.64,182,2.3351648351648353
EIR,0,31,0.024717607973421925,2.9,145,2.56551724137931
EIR,0,32,0.021129568106312294,2.88,144,2.2083333333333335
EIR,0,33,0.022325581395348838,3.16,158,2.1265822784810124
EIR,0,34,0.020664451827242525,2.76,138,2.253623188405797
EIR,0,35,0.022790697674418603,3.18,159,2.157232704402516
EIR,0,36,0.02611295681063123,3.32,166,2.3674698795180724
EIR,0,37,0.02292358803986711,3.02,151,2.2847682119205297
EIR,0,38,0.022657807308970098,3.16,158,2.1582278481012658
EIR,0,39,0.01920265780730897,2.5,125,2.312
EIR,0,40,0.024385382059800665,3.08,154,2.383116883116883
EIR,0,41,0.019667774086378736,2.66,133,2.225563909774436
EIR,0,42,0.02318936877076412,2.88,144,2.423611111111111
EIR,0,43,0.026910299003322258,3.2,160,2.53125
EIR,0,44,0.027109634551495017,3.6,180,2.2666666666666666
EIR,0,45,0.023920265780730896,3.34,167,2.155688622754491
EIR,0,46,0.020664451827242525,2.84,142,2.1901408450704225
EIR,0,47,0.021661129568106313,2.72,136,2.3970588235294117
EIR,0,48,0.02239202657807309,3.08,154,2.188311688311688
EIR,0,49,0.022524916943521593,2.78,139,2.4388489208633093
EIR,0,50,0.020863787375415284,2.98,149,2.1073825503355703
EIR,0,51,0.02006644518272425,2.92,146,2.0684931506849313
EIR,0,52,0.030897009966777408,3.2,160,2.90625
EIR,0,53,0.01973421926910299,2.38,119,2.495798319327731
EIR,0,54,0.020598006644518274,2.98,149,2.0805369127516777
EIR,0,55,0.02451827242524917,3.16,158,2.3354430379746836
EIR,0,56,0.023322259136212626,2.98,149,2.3557046979865772
EIR,0,57,0.02378737541528239,2.98,149,2.402684563758389
EIR,0,58,0.02212624584717608,2.96,148,2.25
EIR,0,59,0.018338870431893688,2.6,130,2.123076923076923
EIR,0,60,0.023388704318936877,2.98,149,2.3624161073825505
EIR,0,61,0.021926910299003323,2.8,140,2.357142857142857
EIR,0,62,0.02883720930232558,3.32,166,2.6144578313253013
EIR,0,63,0.019069767441860466,2.54,127,2.2598425196850394
EIR,0,64,0.02132890365448505,2.86,143,2.2447552447552446
EIR,0,65,0.025780730897009968,3.3,165,2.3515151515151516
EIR,0,66,0.023122923588039867,3.02,151,2.3046357615894038
EIR,0,67,0.02372093023255814,3.04,152,2.348684210526316
EIR,0,68,0.023654485049833886,3.42,171,2.08187134502924
EIR,0,69,0.02352159468438538,3.18,159,2.2264150943396226
EIR,0,70,0.024651162790697675,3.44,172,2.1569767441860463
EIR,0,71,0.024385382059800665,3.22,161,2.279503105590062
EIR,0,72,0.02,2.74,137,2.197080291970803
EIR,0,73,0.021395348837209303,3.16,158,2.037974683544304
EIR,0,74,0.02724252491694352,3.56,178,2.303370786516854
EIR,0,75,0.022059800664451828,3.22,161,2.062111801242236
EIR,0,76,0.02431893687707641,3.32,166,2.2048192771084336
EIR,0,77,0.02,2.74,137,2.197080291970803
EIR,0,78,0.022591362126245847,3.08,154,2.207792207792208
EIR,0,79,0.02611295681063123,3.36,168,2.3392857142857144
EIR,0,80,0.023322259136212626,2.96,148,2.3716216216216215
EIR,0,81,0.02292358803986711,2.68,134,2.574626865671642
EIR,0,82,0.01946843853820598,2.84,142,2.063380281690141
EIR,0,83,0.02099667774086379,2.94,147,2.1496598639455784
EIR,0,84,0.026511627906976743,3.6,180,2.216666666666667
EIR,0,85,0.022458471760797342,3.0,150,2.2533333333333334
EIR,0,86,0.025913621262458473,3.08,154,2.5324675324675323
EIR,0,87,0.022857142857142857,3.26,163,2.1104294478527605
EIR,0,88,0.022524916943521593,3.0,150,2.26
EIR,0,89,0.02152823920265781,3.0,150,2.16
EIR,0,90,0.021993355481727574,2.84,142,2.3309859154929575
EIR,0,91,0.025448504983388704,3.34,167,2.2934131736526946
EIR,0,92,0.02770764119601329,3.54,177,2.3559322033898304
EIR,0,93,0.024916943521594685,3.14,157,2.388535031847134
EIR,0,94,0.026445182724252492,3.48,174,2.2873563218390807
EIR,0,95,0.026312292358803988,3.44,172,2.302325581395349
EIR,0,96,0.018205980066445183,2.6,130,2.1076923076923078
EIR,0,97,0.02451827242524917,2.88,144,2.5625
EIR,0,98,0.020664451827242525,2.82,141,2.2056737588652484
EIR,0,99,0.026445182724252492,3.36,168,2.369047619047619
EIR,0,100,0.01754152823920266,2.48,124,2.129032258064516
EIR,0,101,0.025116279069767444,3.28,164,2.3048780487804876
EIR,0,102,0.026179401993355483,3.2,160,2.4625
EIR,0,103,0.022724252491694352,3.14,157,2.178343949044586
EIR,0,104,0.022059800664451828,2.82,141,2.354609929078014
EIR,0,105,0.022059800664451828,3.16,158,2.1012658227848102
EIR,0,106,0.024385382059800665,3.3,165,2.224242424242424
EIR,0,107,0.02458471760797342,2.86,143,2.5874125874125875
EIR,0,108,0.021395348837209303,3.14,157,2.050955414012739
EIR,0,109,0.023920265780730896,2.88,144,2.5
EIR,0,110,0.024119601328903655,3.14,157,2.3121019108280256
EIR,0,111,0.01980066445182724,2.48,124,2.403225806451613
EIR,0,112,0.01754152823920266,2.7,135,1.9555555555555555
EIR,0,113,0.018538205980066447,2.82,141,1.9787234042553192
EIR,0,114,0.02584717607973422,3.5,175,2.222857142857143
EIR,0,115,0.02159468438538206,3.1,155,2.096774193548387
EIR,0,116,0.02053156146179402,2.82,141,2.1914893617021276
EIR,0,117,0.026046511627906978,3.42,171,2.2923976608187133
EIR,0,118,0.02744186046511628,3.6,180,2.2944444444444443
EIR,0,119,0.021794019933554818,3.38,169,1.9408284023668638
EIR,0,120,0.026976744186046512,3.48,174,2.3333333333333335
EIR,0,121,0.020598006644518274,2.7,135,2.2962962962962963
EIR,0,122,0.022059800664451828,2.6,130,2.5538461538461537
EIR,0,123,0.02372093023255814,3.16,158,2.259493670886076
EIR,0,124,0.02212624584717608,3.48,174,1.9137931034482758
EIR,0,125,0.02378737541528239,3.36,168,2.130952380952381
EIR,0,126,0.018737541528239202,2.48,124,2.274193548387097
EIR,0,127,0.020598006644518274,2.62,131,2.366412213740458
EIR,0,128,0.022790697674418603,3.06,153,2.241830065359477
EIR,0,129,0.023122923588039867,3.02,151,2.3046357615894038
EIR,0,130,0.022192691029900333,3.22,161,2.0745341614906834
EIR,0,131,0.02033222591362126,2.76,138,2.217391304347826
EIR,0,132,0.0212624584717608,2.88,144,2.2222222222222223
EIR,0,133,0.023322259136212626,2.98,149,2.3557046979865772
EIR,0,134,0.023853820598006645,3.06,153,2.34640522875817
EIR,0,135,0.022458471760797342,3.26,163,2.0736196319018405
EIR,0,136,0.02803986710963455,3.56,178,2.3707865168539324
EIR,0,137,0.022524916943521593,2.94,147,2.306122448979592
EIR,0,138,0.01867109634551495,2.9,145,1.9379310344827587
EIR,0,139,0.022259136212624583,2.82,141,2.375886524822695
EIR,0,140,0.02378737541528239,3.24,162,2.2098765432098766
EIR,0,141,0.018338870431893688,2.66,133,2.075187969924812
EIR,0,142,0.023255813953488372,3.08,154,2.272727272727273
EIR,0,143,0.021129568106312294,3.06,153,2.0784313725490198
EIR,0,144,0.024119601328903655,2.94,147,2.4693877551020407
EIR,0,145,0.028704318936877075,3.56,178,2.4269662921348316
EIR,0,146,0.02026578073089701,2.62,131,2.3282442748091605
EIR,0,147,0.020465116279069766,2.72,136,2.264705882352941
EIR,0,148,0.021661129568106313,2.74,137,2.3795620437956204
EIR,0,149,0.018538205980066447,2.7,135,2.066666666666667
EIR,0,150,0.02451827242524917,3.24,162,2.2777777777777777
EIR,0,151,0.018471760797342193,2.7,135,2.0592592592592593
EIR,0,152,0.02485049833887043,3.18,159,2.352201257861635
EIR,0,153,0.02132890365448505,2.64,132,2.4318181818181817
EIR,0,154,0.025647840531561463,3.16,158,2.4430379746835444
EIR,0,155,0.020199335548172756,3.1,155,1.961290322580645
EIR,0,156,0.023588039867109636,3.28,164,2.1646341463414633
EIR,0,157,0.021993355481727574,2.76,138,2.398550724637681
EIR,0,158,0.024451827242524916,3.0,150,2.453333333333333
EIR,0,159,0.024916943521594685,3.18,159,2.358490566037736
EIR,0,160,0.02458471760797342,3.1,155,2.3870967741935485
EIR,0,161,0.024186046511627906,3.12,156,2.3333333333333335
EIR,0,162,0.023255813953488372,3.22,161,2.1739130434782608
EIR,0,163,0.02558139534883721,3.04,152,2.5328947368421053
EIR,0,164,0.02345514950166113,3.48,174,2.028735632183908
EIR,0,165,0.024916943521594685,2.88,144,2.6041666666666665
EIR,0,166,0.021794019933554818,3.08,154,2.1298701298701297
EIR,0,167,0.025448504983388704,3.18,159,2.408805031446541
EIR,0,168,0.021727574750830564,2.8,140,2.335714285714286
EIR,0,169,0.023588039867109636,3.12,156,2.2756410256410255
EIR,0,170,0.026312292358803988,3.44,172,2.302325581395349
EIR,0,171,0.023853820598006645,3.26,163,2.2024539877300615
EIR,0,172,0.02372093023255814,3.0,150,2.38
EIR,0,173,0.01754152823920266,2.4,120,2.2
EIR,0,174,0.02963455149501661,3.72,186,2.3978494623655915
EIR,0,175,0.016943521594684385,2.44,122,2.0901639344262297
EIR,0,176,0.02431893687707641,2.98,149,2.4563758389261743
EIR,0,177,0.02524916943521595,3.3,165,2.303030303030303
EIR,0,178,0.01973421926910299,2.6,130,2.2846153846153845
EIR,0,179,0.02431893687707641,3.26,163,2.245398773006135
EIR,0,180,0.022524916943521593,3.14,157,2.159235668789809
EIR,0,181,0.020664451827242525,2.68,134,2.3208955223880596
EIR,0,182,0.023322259136212626,2.92,146,2.404109589041096
EIR,0,183,0.022591362126245847,3.08,154,2.207792207792208
EIR,0,184,0.023122923588039867,3.04,152,2.289473684210526
EIR,0,185,0.02372093023255814,3.08,154,2.3181818181818183
EIR,0,186,0.02026578073089701,2.6,130,2.3461538461538463
EIR,0,187,0.024451827242524916,3.28,164,2.2439024390243905
EIR,0,188,0.02053156146179402,2.78,139,2.223021582733813
EIR,0,189,0.021461794019933554,2.72,136,2.375
EIR,0,190,0.02,2.44,122,2.4672131147540983
EIR,0,191,0.022458471760797342,2.9,145,2.331034482758621
EIR,0,192,0.022259136212624583,2.98,149,2.248322147651007
EIR,0,193,0.0253156146179402,3.52,176,2.164772727272727
EIR,0,194,0.021993355481727574,3.08,154,2.1493506493506493
EIR,0,195,0.023920265780730896,2.94,147,2.4489795918367347
EIR,0,196,0.023322259136212626,3.2,160,2.19375
EIR,0,197,0.024385382059800665,3.28,164,2.2378048780487805
EIR,0,198,0.02318936877076412,3.2,160,2.18125
EIR,0,199,0.020132890365448505,3.0,150,2.02
EIR,0,200,0.027109634551495017,3.46,173,2.3583815028901736
EIR,0,201,0.027109634551495017,3.2,160,2.55
EIR,0,202,0.02398671096345515,3.2,160,2.25625
EIR,0,203,0.025382059800664453,3.36,168,2.2738095238095237
EIR,0,204,0.021993355481727574,3.1,155,2.1354838709677417
EIR,0,205,0.0240531561461794,2.98,149,2.4295302013422817
EIR,0,206,0.02106312292358804,2.62,131,2.4198473282442747
EIR,0,207,0.021661129568106313,2.94,147,2.2176870748299318
EIR,0,208,0.01973421926910299,2.58,129,2.302325581395349
EIR,0,209,0.025116279069767444,2.98,149,2.5369127516778525
EIR,0,210,0.021395348837209303,2.98,149,2.161073825503356
EIR,0,211,0.02345514950166113,3.34,167,2.1137724550898205
EIR,0,212,0.02212624584717608,3.14,157,2.121019108280255
EIR,0,213,0.02053156146179402,2.68,134,2.3059701492537314
EIR,0,214,0.022325581395348838,3.34,167,2.0119760479041915
EIR,0,215,0.026644518272425248,3.66,183,2.191256830601093
EIR,0,216,0.019933554817275746,2.8,140,2.142857142857143
EIR,0,217,0.022790697674418603,3.2,160,2.14375
EIR,0,218,0.02485049833887043,3.22,161,2.3229813664596275
EIR,0,219,0.02239202657807309,3.26,163,2.067484662576687
EIR,0,220,0.026710963455149502,3.36,168,2.392857142857143
EIR,0,221,0.02239202657807309,3.28,164,2.0548780487804876
EIR,0,222,0.02372093023255814,3.2,160,2.23125
EIR,0,223,0.020863787375415284,2.78,139,2.258992805755396
EIR,0,224,0.02451827242524917,3.12,156,2.3653846153846154
EIR,0,225,0.023588039867109636,3.4,170,2.088235294117647
EIR,0,226,0.023388704318936877,2.92,146,2.410958904109589
EIR,0,227,0.02,2.98,149,2.0201342281879193
EIR,0,228,0.01920265780730897,2.7,135,2.140740740740741
EIR,0,229,0.01973421926910299,2.74,137,2.167883211678832
EIR,0,230,0.022259136212624583,2.94,147,2.2789115646258504
EIR,0,231,0.02318936877076412,3.3,165,2.1151515151515152
EIR,0,232,0.023588039867109636,3.5,175,2.0285714285714285
EIR,0,233,0.020398671096345515,2.72,136,2.2573529411764706
EIR,0,234,0.025382059800664453,3.34,167,2.287425149700599
EIR,0,235,0.023388704318936877,2.96,148,2.3783783783783785
EIR,0,236,0.023255813953488372,2.98,149,2.348993288590604
EIR,0,237,0.025382059800664453,3.48,174,2.1954022988505746
EIR,0,238,0.02132890365448505,2.88,144,2.2291666666666665
EIR,0,239,0.021129568106312294,2.84,142,2.23943661971831
EIR,0,240,0.024119601328903655,3.0,150,2.42
EIR,0,241,0.023920265780730896,3.36,168,2.142857142857143
EIR,0,242,0.022657807308970098,2.92,146,2.335616438356164
EIR,0,243,0.02504983388704319,3.34,167,2.2574850299401197
EIR,0,244,0.020465116279069766,2.82,141,2.1843971631205674
EIR,0,245,0.02033222591362126,2.7,135,2.2666666666666666
EIR,0,246,0.022059800664451828,2.92,146,2.2739726027397262
EIR,0,247,0.02212624584717608,2.9,145,2.296551724137931
EIR,0,248,0.026910299003322258,3.5,175,2.3142857142857145
EIR,0,249,0.022458471760797342,2.84,142,2.380281690140845
RR,1,0,0.12730897009966777,12.4,620,3.0903225806451613
RR,1,1,0.1372093023255814,12.22,611,3.379705400981997
RR,1,2,0.1173421926910299,11.18,559,3.1592128801431127
RR,1,3,0.12186046511627907,12.18,609,3.0114942528735633
RR,1,4,0.11269102990033222,11.26,563,3.0124333925399647
RR,1,5,0.12604651162790698,12.12,606,3.1303630363036303
RR,1,6,0.15893687707641196,14.36,718,3.331476323119777
RR,1,7,0.1532890365448505,13.94,697,3.3098995695839313
RR,1,8,0.18478405315614618,14.22,711,3.911392405063291
RR,1,9,0.13076411960132892,12.12,606,3.2475247524752477
RR,1,10,0.1374750830564784,12.18,609,3.3973727422003286
RR,1,11,0.1573421926910299,14.14,707,3.3493635077793495
RR,1,12,0.1564784053156146,14.44,722,3.2617728531855956
RR,1,13,0.1569435215946844,13.64,682,3.463343108504399
RR,1,14,0.13687707641196012,12.46,623,3.306581059390048
RR,1,15,0.1455813953488372,12.9,645,3.3968992248062015
RR,1,16,0.14471760797342192,12.62,631,3.451664025356577
RR,1,17,0.1641860465116279,14.72,736,3.3573369565217392
RR,1,18,0.14073089700996677,12.92,646,3.278637770897833
RR,1,19,0.15096345514950166,13.02,651,3.490015360983103
RR,1,20,0.17189368770764119,15.0,750,3.449333333333333
RR,1,21,0.12106312292358803,12.06,603,3.0215588723051408
RR,1,22,0.15388704318936877,13.3,665,3.482706766917293
RR,1,23,0.15893687707641196,13.36,668,3.5808383233532934
RR,1,24,0.1422591362126246,13.2,660,3.243939393939394
RR,1,25,0.15003322259136212,13.56,678,3.330383480825959
RR,1,26,0.15475083056478406,14.16,708,3.2895480225988702
RR,1,27,0.21069767441860465,15.2,760,4.1723684210526315
RR,1,28,0.12471760797342192,11.9,595,3.1546218487394957
RR,1,29,0.13920265780730898,13.82,691,3.031837916063676
RR,1,30,0.1423920265780731,13.06,653,3.2817764165390506
RR,1,31,0.1506312292358804,13.48,674,3.363501483679525
RR,1,32,0.1706312292358804,14.76,738,3.4796747967479673
RR,1,33,0.13089700996677742,11.96,598,3.294314381270903
RR,1,34,0.15322259136212624,13.36,668,3.4520958083832336
RR,1,35,0.1510299003322259,13.74,687,3.3085880640465795
RR,1,36,0.1362126245847176,12.64,632,3.2436708860759493
RR,1,37,0.1827906976744186,13.92,696,3.9525862068965516
RR,1,38,0.1372093023255814,12.4,620,3.3306451612903225
RR,1,39,0.13475083056478404,12.7,635,3.193700787401575
RR,1,40,0.16710963455149502,13.88,694,3.623919308357349
RR,1,41,0.14564784053156146,13.42,671,3.2667660208643814
RR,1,42,0.1518936877076412,13.42,671,3.406855439642325
RR,1,43,0.1918936877076412,15.6,780,3.7025641025641027
RR,1,44,0.16159468438538205,14.52,726,3.349862258953168
RR,1,45,0.13136212624584717,11.62,581,3.4027538726333906
RR,1,46,0.1377408637873754,12.32,616,3.36525974025974
RR,1,47,0.13395348837209303,13.76,688,2.9302325581395348
RR,1,48,0.20059800664451827,15.52,776,3.890463917525773
RR,1,49,0.14883720930232558,14.3,715,3.132867132867133
RR,1,50,0.12757475083056477,12.92,646,2.972136222910217
RR,1,51,0.13235880398671096,12.56,628,3.171974522292994
RR,1,52,0.1559468438538206,13.58,679,3.456553755522828
RR,1,53,0.14598006644518272,13.16,658,3.338905775075988
RR,1,54,0.11807308970099668,11.7,585,3.0376068376068375
RR,1,55,0.16584717607973423,13.66,683,3.6544655929721817
RR,1,56,0.16225913621262458,14.78,739,3.30446549391069
RR,1,57,0.17654485049833887,14.5,725,3.6648275862068966
RR,1,58,0.13920265780730898,12.66,633,3.309636650868878
RR,1,59,0.1906312292358804,15.38,769,3.730819245773732
RR,1,60,0.16770764119601328,13.98,699,3.6108726752503575
RR,1,61,0.17694352159468438,15.98,799,3.332916145181477
RR,1,62,0.173156146179402,14.76,738,3.5311653116531163
RR,1,63,0.14857142857142858,12.82,641,3.488299531981279
RR,1,64,0.1467109634551495,14.06,703,3.140825035561878
RR,1,65,0.1511627906976744,12.64,632,3.5996835443037973
RR,1,66,0.18099667774086378,13.48,674,4.041543026706232
RR,1,67,0.1464451827242525,13.2,660,3.3393939393939394
RR,1,68,0.14338870431893688,13.92,696,3.1005747126436782
RR,1,69,0.14624584717607975,14.04,702,3.135327635327635
RR,1,70,0.13415282392026578,12.66,633,3.18957345971564
RR,1,71,0.14086378737541527,13.88,694,3.0547550432276656
RR,1,72,0.14837209302325582,13.8,690,3.236231884057971
RR,1,73,0.15687707641196014,13.92,696,3.3922413793103448
RR,1,74,0.14578073089700996,13.98,699,3.1387696709585122
RR,1,75,0.13435215946843854,12.48,624,3.2403846153846154
RR,1,76,0.1413953488372093,12.6,630,3.3777777777777778
RR,1,77,0.1558139534883721,13.58,679,3.4536082474226806
RR,1,78,0.18704318936877076,14.44,722,3.898891966759003
RR,1,79,0.10498338870431893,9.74,487,3.24435318275154
RR,1,80,0.1415282392026578,13.26,663,3.2126696832579187
RR,1,81,0.14930232558139536,12.28,614,3.6596091205211727
RR,1,82,0.14750830564784054,12.16,608,3.651315789473684
RR,1,83,0.18006644518272424,13.8,690,3.927536231884058
RR,1,84,0.14026578073089702,12.98,649,3.2526964560862868
RR,1,85,0.1545514950166113,14.22,711,3.271448663853727
RR,1,86,0.1791362126245847,16.26,813,3.3161131611316113
RR,1,87,0.15687707641196014,13.02,651,3.6267281105990783
RR,1,88,0.1506312292358804,13.6,680,3.333823529411765
RR,1,89,0.1558139534883721,12.72,636,3.6871069182389937
RR,1,90,0.13913621262458473,12.84,642,3.2616822429906542
RR,1,91,0.1833222591362126,15.16,758,3.6398416886543536
RR,1,92,0.1987375415282392,14.54,727,4.114167812929849
RR,1,93,0.15794019933554818,13.34,667,3.5637181409295353
RR,1,94,0.166578073089701,14.24,712,3.521067415730337
RR,1,95,0.13049833887043188,11.96,598,3.2842809364548495
RR,1,96,0.1552159468438538,14.72,736,3.1739130434782608
RR,1,97,0.10850498338870432,10.86,543,3.007366482504604
RR,1,98,0.13382059800664453,11.78,589,3.4193548387096775
RR,1,99,0.13568106312292358,11.22,561,3.6399286987522284
RR,1,100,0.12305647840531561,11.04,552,3.3550724637681157
RR,1,101,0.14471760797342192,12.68,634,3.4353312302839116
RR,1,102,0.14930232558139536,13.04,652,3.446319018404908
RR,1,103,0.19614617940199336,16.56,828,3.5652173913043477
RR,1,104,0.17362126245847176,14.76,738,3.540650406504065
RR,1,105,0.146843853820598,13.42,671,3.293591654247392
RR,1,106,0.15641196013289035,14.28,714,3.2969187675070026
RR,1,107,0.17162790697674418,15.32,766,3.3720626631853787
RR,1,108,0.16019933554817276,14.62,731,3.2982216142270864
RR,1,109,0.16146179401993355,14.7,735,3.306122448979592
RR,1,110,0.1187375415282392,11.18,559,3.196779964221825
RR,1,111,0.15096345514950166,13.16,658,3.452887537993921
RR,1,112,0.14724252491694353,12.78,639,3.4679186228482
RR,1,113,0.18112956810631228,15.44,772,3.5310880829015545
RR,1,114,0.14006644518272426,11.88,594,3.548821548821549
RR,1,115,0.12458471760797342,11.38,569,3.295254833040422
RR,1,116,0.10524916943521595,10.74,537,2.9497206703910615
RR,1,117,0.18232558139534882,15.12,756,3.6296296296296298
RR,1,118,0.1419269102990033,13.72,686,3.1137026239067054
RR,1,119,0.14591362126245846,11.98,599,3.666110183639399
RR,1,120,0.11475083056478405,11.44,572,3.019230769230769
RR,1,121,0.16119601328903654,14.3,715,3.393006993006993
RR,1,122,0.12186046511627907,10.62,531,3.4538606403013183
RR,1,123,0.13926910299003323,14.02,701,2.9900142653352355
RR,1,124,0.16930232558139535,14.98,749,3.4018691588785046
RR,1,125,0.11421926910299003,11.14,557,3.0861759425493718
RR,1,126,0.13182724252491695,11.4,570,3.480701754385965
RR,1,127,0.14086378737541527,13.14,657,3.226788432267884
RR,1,128,0.13156146179401992,12.76,638,3.103448275862069
RR,1,129,0.1637873754152824,14.08,704,3.5014204545454546
RR,1,130,0.12996677740863788,12.18,609,3.2118226600985222
RR,1,131,0.11926910299003322,12.5,625,2.872
RR,1,132,0.1188704318936877,12.7,635,2.8173228346456693
RR,1,133,0.12990033222591363,12.7,635,3.078740157480315
RR,1,134,0.15069767441860465,13.64,682,3.3255131964809386
RR,1,135,0.1548172757475083,13.62,681,3.42143906020558
RR,1,136,0.14205980066445184,13.1,655,3.26412213740458
RR,1,137,0.12192691029900332,11.56,578,3.1747404844290656
RR,1,138,0.166312292358804,14.06,703,3.5604551920341394
RR,1,139,0.16983388704318936,13.8,690,3.7043478260869565
RR,1,140,0.1655813953488372,13.08,654,3.8103975535168195
RR,1,141,0.14019933554817277,12.68,634,3.32807570977918
RR,1,142,0.2278405315614618,17.54,877,3.909920182440137
RR,1,143,0.18744186046511627,14.84,742,3.80188679245283
RR,1,144,0.18485049833887043,15.84,792,3.5126262626262625
RR,1,145,0.1454485049833887,13.52,676,3.2381656804733727
RR,1,146,0.1335548172757475,11.68,584,3.441780821917808
RR,1,147,0.16956810631229235,14.52,726,3.515151515151515
RR,1,148,0.13029900332225913,12.28,614,3.1938110749185666
RR,1,149,0.19162790697674417,15.32,766,3.765013054830287
RR,1,150,0.12358803986710963,10.3,515,3.6116504854368934
RR,1,151,0.13209302325581396,12.36,618,3.2168284789644015
RR,1,152,0.10598006644518272,11.44,572,2.7884615384615383
RR,1,153,0.16292358803986712,14.12,706,3.4730878186968837
RR,1,154,0.17461794019933555,14.52,726,3.6198347107438016
RR,1,155,0.13913621262458473,13.3,665,3.1488721804511277
RR,1,156,0.15348837209302327,13.12,656,3.5213414634146343
RR,1,157,0.19601328903654486,14.68,734,4.0190735694822886
RR,1,158,0.18963455149501662,14.78,739,3.861975642760487
RR,1,159,0.10524916943521595,11.16,558,2.838709677419355
RR,1,160,0.13495016611295682,11.42,571,3.5569176882661995
RR,1,161,0.1788704318936877,13.94,697,3.8622668579626973
RR,1,162,0.15614617940199335,13.2,660,3.5606060606060606
RR,1,163,0.17069767441860464,13.28,664,3.8689759036144578
RR,1,164,0.13149501661129567,12.36,618,3.2022653721682848
RR,1,165,0.17448504983388705,15.4,770,3.4103896103896103
RR,1,166,0.13069767441860466,13.62,681,2.8883994126284875
RR,1,167,0.2078405315614618,17.08,854,3.6627634660421546
RR,1,168,0.14717607973421926,12.04,602,3.679401993355482
RR,1,169,0.13554817275747508,12.66,633,3.2227488151658767
RR,1,170,0.18943521594684384,16.38,819,3.481074481074481
RR,1,171,0.1545514950166113,13.42,671,3.4664679582712368
RR,1,172,0.1332890365448505,13.84,692,2.898843930635838
RR,1,173,0.09794019933554818,10.4,520,2.8346153846153848
RR,1,174,0.1461794019933555,12.74,637,3.4536891679748822
RR,1,175,0.186578073089701,15.08,754,3.7241379310344827
RR,1,176,0.17043189368770764,15.04,752,3.410904255319149
RR,1,177,0.16485049833887044,13.26,663,3.742081447963801
RR,1,178,0.14332225913621263,13.02,651,3.313364055299539
RR,1,179,0.0825249169435216,9.48,474,2.6202531645569622
RR,1,180,0.15561461794019935,13.88,694,3.3746397694524495
RR,1,181,0.11262458471760797,11.32,566,2.9946996466431095
RR,1,182,0.173953488372093,14.36,718,3.6462395543175488
RR,1,183,0.14651162790697675,14.32,716,3.079608938547486
RR,1,184,0.13900332225913622,12.2,610,3.4295081967213115
RR,1,185,0.15169435215946844,13.0,650,3.5123076923076924
RR,1,186,0.16398671096345516,13.88,694,3.5561959654178676
RR,1,187,0.14664451827242525,13.36,668,3.303892215568862
RR,1,188,0.1532890365448505,12.54,627,3.6794258373205744
RR,1,189,0.1419269102990033,12.34,617,3.461912479740681
RR,1,190,0.18651162790697676,13.9,695,4.038848920863309
RR,1,191,0.1507641196013289,12.98,649,3.4961479198767336
RR,1,192,0.159734219269103,12.82,641,3.7503900156006242
RR,1,193,0.17043189368770764,14.26,713,3.5974754558204767
RR,1,194,0.14704318936877075,12.18,609,3.6338259441707716
RR,1,195,0.19162790697674417,14.68,734,3.9291553133514987
RR,1,196,0.14365448504983389,13.92,696,3.1063218390804597
RR,1,197,0.19156146179401992,15.28,764,3.7735602094240837
RR,1,198,0.14843853820598008,13.46,673,3.3194650817236258
RR,1,199,0.18704318936877076,14.7,735,3.8299319727891157
RR,1,200,0.12578073089700997,12.54,627,3.0191387559808613
RR,1,201,0.1558139534883721,13.2,660,3.553030303030303
RR,1,202,0.15109634551495016,11.82,591,3.8477157360406093
RR,1,203,0.16524916943521595,14.4,720,3.4541666666666666
RR,1,204,0.11694352159468438,11.82,591,2.978003384094755
RR,1,205,0.1555481727574751,12.86,643,3.6407465007776048
RR,1,206,0.1510299003322259,12.26,613,3.707993474714519
RR,1,207,0.16219269102990033,13.24,662,3.687311178247734
RR,1,208,0.1776079734219269,14.88,744,3.592741935483871
RR,1,209,0.16385382059800666,14.12,706,3.492917847025496
RR,1,210,0.19029900332225913,16.3,815,3.514110429447853
RR,1,211,0.15993355481727575,13.32,666,3.614114114114114
RR,1,212,0.13102990033222592,12.32,616,3.2012987012987013
RR,1,213,0.14491694352159468,13.36,668,3.2649700598802394
RR,1,214,0.12777408637873755,11.8,590,3.259322033898305
RR,1,215,0.15813953488372093,12.64,632,3.7658227848101267
RR,1,216,0.14445182724252492,13.5,675,3.220740740740741
RR,1,217,0.15262458471760798,14.62,731,3.1422708618331052
RR,1,218,0.14691029900332225,13.48,674,3.2804154302670625
RR,1,219,0.1691029900332226,13.82,691,3.683068017366136
RR,1,220,0.146578073089701,13.48,674,3.2729970326409497
RR,1,221,0.1170764119601329,11.18,559,3.152057245080501
RR,1,222,0.22245847176079733,16.0,800,4.185
RR,1,223,0.14564784053156146,14.18,709,3.0916784203102963
RR,1,224,0.16664451827242524,13.12,656,3.823170731707317
RR,1,225,0.17249169435215947,14.22,711,3.6511954992967652
RR,1,226,0.18219269102990032,14.9,745,3.680536912751678
RR,1,227,0.14431893687707642,13.1,655,3.316030534351145
RR,1,228,0.1689700996677741,14.28,714,3.5616246498599438
RR,1,229,0.17302325581395347,15.38,769,3.386215864759428
RR,1,230,0.166578073089701,14.32,716,3.5013966480446927
RR,1,231,0.13893687707641195,13.12,656,3.1875
RR,1,232,0.1503654485049834,12.84,642,3.5249221183800623
RR,1,233,0.12431893687707642,12.26,613,3.0522022838499185
RR,1,234,0.1826578073089701,13.9,695,3.9553956834532373
RR,1,235,0.1517607973421927,14.12,706,3.235127478753541
RR,1,236,0.13953488372093023,12.42,621,3.3816425120772946
RR,1,237,0.1345514950166113,13.1,655,3.0916030534351147
RR,1,238,0.17534883720930233,14.6,730,3.615068493150685
RR,1,239,0.1455813953488372,14.36,718,3.051532033426184
RR,1,240,0.17867109634551495,14.54,727,3.6987620357634112
RR,1,241,0.1439202657807309,13.0,650,3.332307692307692
RR,1,242,0.15614617940199335,14.06,703,3.3428165007112374
RR,1,243,0.1667109634551495,14.16,708,3.5437853107344632
RR,1,244,0.15142857142857144,13.58,679,3.3564064801178204
RR,1,245,0.1883720930232558,16.08,804,3.5261194029850746
RR,1,246,0.16219269102990033,14.1,705,3.4624113475177305
RR,1,247,0.16970099667774086,14.78,739,3.456021650879567
RR,1,248,0.1362126245847176,12.56,628,3.2643312101910826
RR,1,249,0.17003322259136214,14.06,703,3.6401137980085347
TR,1,0,0.10538205980066445,9.06,453,3.501103752759382
TR,1,1,0.09933554817275747,9.9,495,3.0202020202020203
TR,1,2,0.08983388704318937,8.34,417,3.2422062350119902
TR,1,3,0.09475083056478405,9.32,466,3.060085836909871
TR,1,4,0.0917607973421927,9.42,471,2.932059447983015
TR,1,5,0.09980066445182724,9.84,492,3.0528455284552845
TR,1,6,0.12026578073089701,11.28,564,3.2092198581560285
TR,1,7,0.11302325581395349,10.7,535,3.1794392523364485
TR,1,8,0.1332890365448505,11.5,575,3.488695652173913
TR,1,9,0.08664451827242525,8.76,438,2.9771689497716896
TR,1,10,0.10564784053156147,9.52,476,3.3403361344537816
TR,1,11,0.11461794019933555,10.9,545,3.165137614678899
TR,1,12,0.11554817275747509,10.3,515,3.376699029126214
TR,1,13,0.11142857142857143,10.68,534,3.140449438202247
TR,1,14,0.09196013289036545,8.98,449,3.082405345211581
TR,1,15,0.10538205980066445,10.32,516,3.0736434108527133
TR,1,16,0.10485049833887043,9.46,473,3.33615221987315
TR,1,17,0.11787375415282392,11.4,570,3.112280701754386
TR,1,18,0.09940199335548172,9.0,450,3.3244444444444445
TR,1,19,0.10823920265780732,9.48,474,3.4367088607594938
TR,1,20,0.13076411960132892,11.7,585,3.364102564102564
TR,1,21,0.09933554817275747,9.7,485,3.082474226804124
TR,1,22,0.11501661129568107,10.44,522,3.3160919540229883
TR,1,23,0.10192691029900332,9.52,476,3.222689075630252
TR,1,24,0.10245847176079734,9.74,487,3.166324435318275
TR,1,25,0.11774086378737542,10.68,534,3.3183520599250937
TR,1,26,0.11654485049833888,10.92,546,3.2124542124542126
TR,1,27,0.1455813953488372,11.6,580,3.777586206896552
TR,1,28,0.10086378737541528,9.12,456,3.3289473684210527
TR,1,29,0.10604651162790697,10.32,516,3.0930232558139537
TR,1,30,0.10617940199335549,10.5,525,3.0438095238095237
TR,1,31,0.11694352159468438,10.16,508,3.4645669291338583
TR,1,32,0.12252491694352159,11.34,567,3.252204585537919
TR,1,33,0.09926910299003322,10.36,518,2.884169884169884
TR,1,34,0.11501661129568107,10.28,514,3.367704280155642
TR,1,35,0.11581395348837209,11.16,558,3.1236559139784945
TR,1,36,0.10677740863787376,10.2,510,3.1509803921568627
TR,1,37,0.1215282392026578,10.0,500,3.658
TR,1,38,0.10345514950166113,10.06,503,3.095427435387674
TR,1,39,0.1093687707641196,10.68,534,3.0823970037453186
TR,1,40,0.11847176079734219,10.82,541,3.2957486136783736
TR,1,41,0.10956810631229236,10.18,509,3.239685658153242
TR,1,42,0.1170764119601329,10.92,546,3.227106227106227
TR,1,43,0.1416611295681063,12.62,631,3.3787638668779714
TR,1,44,0.11853820598006644,10.98,549,3.249544626593807
TR,1,45,0.10458471760797342,9.72,486,3.2386831275720165
TR,1,46,0.09807308970099668,9.46,473,3.120507399577167
TR,1,47,0.1107641196013289,10.5,525,3.1752380952380954
TR,1,48,0.14538205980066446,12.36,618,3.540453074433657
TR,1,49,0.11069767441860465,10.38,519,3.210019267822736
TR,1,50,0.08990033222591362,9.44,472,2.8665254237288136
TR,1,51,0.09714285714285714,9.16,458,3.1921397379912664
TR,1,52,0.11415282392026578,10.24,512,3.35546875
TR,1,53,0.10976744186046512,10.32,516,3.201550387596899
TR,1,54,0.09269102990033222,9.18,459,3.0392156862745097
TR,1,55,0.11495016611295682,11.46,573,3.019197207678883
TR,1,56,0.11501661129568107,10.82,541,3.199630314232902
TR,1,57,0.13661129568106312,11.56,578,3.557093425605536
TR,1,58,0.09966777408637874,10.1,505,2.9702970297029703
TR,1,59,0.1387375415282392,12.58,629,3.3195548489666136
TR,1,60,0.12325581395348838,11.28,564,3.2890070921985815
TR,1,61,0.12458471760797342,11.54,577,3.249566724436742
TR,1,62,0.1279734219269103,11.8,590,3.2644067796610168
TR,1,63,0.10697674418604651,9.74,487,3.3059548254620124
TR,1,64,0.11581395348837209,10.92,546,3.1923076923076925
TR,1,65,0.11641196013289036,10.76,538,3.2565055762081783
TR,1,66,0.12863787375415284,11.56,578,3.3494809688581313
TR,1,67,0.11594684385382059,10.86,543,3.2136279926335174
TR,1,68,0.10631229235880399,10.18,509,3.143418467583497
TR,1,69,0.10923588039867109,10.08,504,3.261904761904762
TR,1,70,0.0959468438538206,9.44,472,3.059322033898305
TR,1,71,0.10312292358803987,10.2,510,3.0431372549019606
TR,1,72,0.11774086378737542,10.36,518,3.4208494208494207
TR,1,73,0.12279069767441861,11.02,551,3.353901996370236
TR,1,74,0.10990033222591362,10.48,524,3.1564885496183206
TR,1,75,0.09362126245847176,9.48,474,2.9725738396624473
TR,1,76,0.10338870431893687,9.7,485,3.2082474226804125
TR,1,77,0.11289036544850499,10.68,534,3.1816479400749063
TR,1,78,0.13415282392026578,11.5,575,3.511304347826087
TR,1,79,0.07647840531561462,7.76,388,2.966494845360825
TR,1,80,0.10385382059800664,10.08,504,3.1011904761904763
TR,1,81,0.11322259136212624,9.76,488,3.4918032786885247
TR,1,82,0.09714285714285714,9.26,463,3.1576673866090714
TR,1,83,0.13262458471760796,11.22,561,3.557932263814617
TR,1,84,0.10817275747508305,10.08,504,3.2301587301587302
TR,1,85,0.11614617940199336,11.3,565,3.0938053097345133
TR,1,86,0.13262458471760796,12.3,615,3.245528455284553
TR,1,87,0.11807308970099668,11.0,550,3.230909090909091
TR,1,88,0.1107641196013289,10.0,500,3.334
TR,1,89,0.11023255813953488,10.34,517,3.2088974854932304
TR,1,90,0.10897009966777409,9.96,498,3.2931726907630523
TR,1,91,0.13249169435215946,12.12,606,3.2904290429042904
TR,1,92,0.14564784053156146,12.36,618,3.546925566343042
TR,1,93,0.11614617940199336,10.48,524,3.33587786259542
TR,1,94,0.11641196013289036,11.48,574,3.052264808362369
TR,1,95,0.09986710963455149,8.98,449,3.3474387527839644
TR,1,96,0.12750830564784052,10.74,537,3.5735567970204842
TR,1,97,0.08325581395348837,8.58,429,2.9207459207459205
TR,1,98,0.09634551495016612,9.54,477,3.039832285115304
TR,1,99,0.09820598006644518,8.3,415,3.56144578313253
TR,1,100,0.09481727574750831,8.62,431,3.3109048723897914
TR,1,101,0.10604651162790697,10.56,528,3.022727272727273
TR,1,102,0.10232558139534884,9.5,475,3.2421052631578946
TR,1,103,0.1421262458471761,12.92,646,3.3111455108359134
TR,1,104,0.1285049833887043,12.02,601,3.217970049916805
TR,1,105,0.10996677740863788,10.16,508,3.2578740157480315
TR,1,106,0.11355481727574751,10.92,546,3.13003663003663
TR,1,107,0.1213953488372093,11.12,556,3.285971223021583
TR,1,108,0.11880398671096346,11.42,571,3.1313485113835378
TR,1,109,0.11946843853820598,11.68,584,3.078767123287671
TR,1,110,0.09249169435215947,9.04,452,3.079646017699115
TR,1,111,0.0988704318936877,9.94,497,2.993963782696177
TR,1,112,0.11574750830564784,11.22,561,3.105169340463458
TR,1,113,0.1320265780730897,11.16,558,3.560931899641577
TR,1,114,0.11109634551495016,9.82,491,3.405295315682281
TR,1,115,0.09993355481727574,8.6,430,3.4976744186046513
TR,1,116,0.0784717607973422,8.18,409,2.8875305623471883
TR,1,117,0.1277076411960133,12.3,615,3.12520325203252
TR,1,118,0.11196013289036545,10.52,526,3.203422053231939
TR,1,119,0.11355481727574751,10.54,527,3.242884250474383
TR,1,120,0.09395348837209302,9.34,467,3.0278372591006426
TR,1,121,0.13016611295681063,11.38,569,3.4428822495606326
TR,1,122,0.09083056478405316,9.02,451,3.0310421286031044
TR,1,123,0.10398671096345515,10.54,527,2.969639468690702
TR,1,124,0.12232558139534884,11.74,587,3.1362862010221466
TR,1,125,0.08205980066445183,8.52,426,2.89906103286385
TR,1,126,0.0986046511627907,8.82,441,3.365079365079365
TR,1,127,0.10132890365448505,10.52,526,2.8992395437262357
TR,1,128,0.1026578073089701,9.94,497,3.108651911468813
TR,1,129,0.11906976744186047,10.96,548,3.27007299270073
TR,1,130,0.09295681063122924,9.34,467,2.9957173447537473
TR,1,131,0.09023255813953489,9.1,455,2.9846153846153847
TR,1,132,0.08584717607973422,8.76,438,2.949771689497717
TR,1,133,0.10093023255813953,9.56,478,3.1778242677824267
TR,1,134,0.11083056478405316,10.2,510,3.2705882352941176
TR,1,135,0.11614617940199336,11.04,552,3.1666666666666665
TR,1,136,0.1012624584717608,9.52,476,3.2016806722689077
TR,1,137,0.09102990033222591,9.12,456,3.004385964912281
TR,1,138,0.12146179401993355,11.6,580,3.1517241379310343
TR,1,139,0.1382059800664452,11.08,554,3.7545126353790614
TR,1,140,0.11946843853820598,11.12,556,3.2338129496402876
TR,1,141,0.1027906976744186,9.62,481,3.2162162162162162
TR,1,142,0.16584717607973423,13.98,699,3.570815450643777
TR,1,143,0.13348837209302325,11.98,599,3.353923205342237
TR,1,144,0.13495016611295682,12.22,611,3.324058919803601
TR,1,145,0.1093687707641196,10.44,522,3.153256704980843
TR,1,146,0.10205980066445183,9.48,474,3.240506329113924
TR,1,147,0.13262458471760796,11.6,580,3.4413793103448276
TR,1,148,0.10026578073089701,10.22,511,2.9530332681017613
TR,1,149,0.1454485049833887,12.36,618,3.542071197411003
TR,1,150,0.09116279069767441,8.48,424,3.2358490566037736
TR,1,151,0.09102990033222591,9.26,463,2.958963282937365
TR,1,152,0.07375415282392027,8.14,407,2.727272727272727
TR,1,153,0.12019933554817276,10.98,549,3.2950819672131146
TR,1,154,0.12471760797342192,11.86,593,3.1652613827993257
TR,1,155,0.11475083056478405,10.14,507,3.4063116370808677
TR,1,156,0.12013289036544851,10.44,522,3.4636015325670497
TR,1,157,0.13421926910299004,11.64,582,3.470790378006873
TR,1,158,0.13940199335548173,11.4,570,3.680701754385965
TR,1,159,0.08093023255813954,8.44,422,2.8862559241706163
TR,1,160,0.09674418604651162,9.44,472,3.0847457627118646
TR,1,161,0.12624584717607973,11.1,555,3.4234234234234235
TR,1,162,0.12046511627906976,11.2,560,3.2375
TR,1,163,0.10870431893687707,9.62,481,3.401247401247401
TR,1,164,0.10093023255813953,9.72,486,3.125514403292181
TR,1,165,0.13003322259136213,11.28,564,3.469858156028369
TR,1,166,0.10883720930232559,10.96,548,2.989051094890511
TR,1,167,0.1493687707641196,13.1,655,3.43206106870229
TR,1,168,0.10976744186046512,10.34,517,3.195357833655706
TR,1,169,0.08857142857142856,9.2,460,2.8978260869565218
TR,1,170,0.14079734219269102,12.4,620,3.417741935483871
TR,1,171,0.11853820598006644,10.36,518,3.444015444015444
TR,1,172,0.10916943521594684,11.1,555,2.9603603603603603
TR,1,173,0.07561461794019933,8.1,405,2.8098765432098767
TR,1,174,0.10299003322259136,9.82,491,3.1568228105906315
TR,1,175,0.12279069767441861,11.4,570,3.2421052631578946
TR,1,176,0.1360797342192691,12.26,613,3.34094616639478
TR,1,177,0.12039867109634551,11.3,565,3.207079646017699
TR,1,178,0.11528239202657807,10.88,544,3.1893382352941178
TR,1,179,0.06697674418604652,7.36,368,2.739130434782609
TR,1,180,0.11853820598006644,10.8,540,3.303703703703704
TR,1,181,0.08983388704318937,8.58,429,3.1515151515151514
TR,1,182,0.12445182724252492,10.88,544,3.443014705882353
TR,1,183,0.10458471760797342,10.24,512,3.07421875
TR,1,184,0.1011295681063123,9.5,475,3.2042105263157894
TR,1,185,0.10750830564784053,9.56,478,3.3849372384937237
TR,1,186,0.1226578073089701,10.78,539,3.424860853432282
TR,1,187,0.11574750830564784,10.6,530,3.2867924528301886
TR,1,188,0.11940199335548173,9.76,488,3.682377049180328
TR,1,189,0.09501661129568106,8.68,434,3.294930875576037
TR,1,190,0.12750830564784052,10.38,519,3.697495183044316
TR,1,191,0.11382059800664451,10.3,515,3.32621359223301
TR,1,192,0.1120265780730897,10.12,506,3.3320158102766797
TR,1,193,0.11813953488372093,10.26,513,3.46588693957115
TR,1,194,0.11209302325581395,10.16,508,3.3208661417322833
TR,1,195,0.12611295681063123,11.6,580,3.2724137931034485
TR,1,196,0.1118936877076412,10.5,525,3.2076190476190476
TR,1,197,0.1322923588039867,11.86,593,3.357504215851602
TR,1,198,0.10897009966777409,10.38,519,3.159922928709056
TR,1,199,0.13495016611295682,12.2,610,3.3295081967213114
TR,1,200,0.09408637873754153,9.92,496,2.8548387096774195
TR,1,201,0.1079734219269103,10.6,530,3.0660377358490565
TR,1,202,0.1148172757475083,9.88,494,3.4979757085020244
TR,1,203,0.12292358803986711,10.64,532,3.4774436090225564
TR,1,204,0.09548172757475083,9.42,471,3.050955414012739
TR,1,205,0.11322259136212624,9.74,487,3.4989733059548254
TR,1,206,0.1148172757475083,10.74,537,3.217877094972067
TR,1,207,0.11920265780730897,10.3,515,3.483495145631068
TR,1,208,0.1306312292358804,10.9,545,3.6073394495412843
TR,1,209,0.1188704318936877,10.64,532,3.362781954887218
TR,1,210,0.14352159468438538,12.84,642,3.364485981308411
TR,1,211,0.1170764119601329,10.9,545,3.23302752293578
TR,1,212,0.1026578073089701,10.04,502,3.0776892430278884
TR,1,213,0.11235880398671097,10.64,532,3.1785714285714284
TR,1,214,0.0962126245847176,9.82,491,2.94908350305499
TR,1,215,0.1283720930232558,11.18,559,3.4561717352415027
TR,1,216,0.10710963455149501,10.32,516,3.124031007751938
TR,1,217,0.1198671096345515,11.34,567,3.181657848324515
TR,1,218,0.10365448504983389,10.24,512,3.046875
TR,1,219,0.11262458471760797,10.56,528,3.210227272727273
TR,1,220,0.11069767441860465,10.38,519,3.210019267822736
TR,1,221,0.08883720930232558,9.22,461,2.9002169197396963
TR,1,222,0.16684385382059802,13.78,689,3.6444121915820027
TR,1,223,0.1051827242524917,11.34,567,2.7918871252204585
TR,1,224,0.11893687707641196,10.68,534,3.352059925093633
TR,1,225,0.13308970099667775,11.94,597,3.355108877721943
TR,1,226,0.1283720930232558,12.02,601,3.2146422628951745
TR,1,227,0.10471760797342193,9.98,499,3.158316633266533
TR,1,228,0.1283720930232558,11.32,566,3.4134275618374557
TR,1,229,0.13401993355481728,11.84,592,3.4070945945945947
TR,1,230,0.1148172757475083,10.2,510,3.388235294117647
TR,1,231,0.10757475083056478,10.28,514,3.149805447470817
TR,1,232,0.11255813953488372,10.08,504,3.361111111111111
TR,1,233,0.0946843853820598,9.24,462,3.0844155844155843
TR,1,234,0.13029900332225913,11.12,556,3.526978417266187
TR,1,235,0.11362126245847176,10.9,545,3.1376146788990824
TR,1,236,0.09794019933554818,9.48,474,3.109704641350211
TR,1,237,0.10943521594684386,10.42,521,3.161228406909789
TR,1,238,0.12857142857142856,11.42,571,3.3887915936952715
TR,1,239,0.1095016611295681,10.16,508,3.2440944881889764
TR,1,240,0.13262458471760796,11.46,573,3.4834205933682374
TR,1,241,0.11760797342192691,11.26,563,3.1438721136767316
TR,1,242,0.1277076411960133,10.82,541,3.5526802218114604
TR,1,243,0.13029900332225913,11.18,559,3.5080500894454385
TR,1,244,0.11342192691029901,10.88,544,3.1378676470588234
TR,1,245,0.13009966777408638,11.84,592,3.3074324324324325
TR,1,246,0.11289036544850499,10.32,516,3.2926356589147288
TR,1,247,0.1174750830564784,10.94,547,3.2321755027422303
TR,1,248,0.10598006644518272,10.4,520,3.0673076923076925
TR,1,249,0.12132890365448505,11.86,593,3.079258010118044
EIR,1,0,0.16093023255813954,10.92,546,4.435897435897436
EIR,1,1,0.2001328903654485,11.66,583,5.166380789022298
EIR,1,2,0.16172757475083058,11.0,550,4.425454545454546
EIR,1,3,0.16279069767441862,10.88,544,4.5036764705882355
EIR,1,4,0.15774086378737542,11.16,558,4.254480286738351
EIR,1,5,0.16757475083056478,11.7,585,4.311111111111111
EIR,1,6,0.21156146179401994,13.4,670,4.7522388059701495
EIR,1,7,0.22631229235880398,13.48,674,5.053412462908012
EIR,1,8,0.23508305647840533,12.24,612,5.781045751633987
EIR,1,9,0.17348837209302326,11.4,570,4.580701754385965
EIR,1,10,0.18192691029900332,10.88,544,5.033088235294118
EIR,1,11,0.22631229235880398,13.22,661,5.1527987897125564
EIR,1,12,0.2188704318936877,13.22,661,4.983358547655068
EIR,1,13,0.21275747508305648,11.16,558,5.738351254480286
EIR,1,14,0.18345514950166114,12.0,600,4.601666666666667
EIR,1,15,0.2055813953488372,12.28,614,5.039087947882736
EIR,1,16,0.18564784053156147,10.78,539,5.183673469387755
EIR,1,17,0.22146179401993354,12.4,620,5.375806451612903
EIR,1,18,0.19448504983388704,11.76,588,4.977891156462585
EIR,1,19,0.20418604651162792,11.38,569,5.4007029876977155
EIR,1,20,0.2297674418604651,13.42,671,5.153502235469449
EIR,1,21,0.17295681063122922,10.96,548,4.75
EIR,1,22,0.20491694352159467,12.1,605,5.0975206611570245
EIR,1,23,0.19661129568106311,10.56,528,5.604166666666667
EIR,1,24,0.1906312292358804,11.9,595,4.821848739495798
EIR,1,25,0.2027906976744186,11.9,595,5.129411764705883
EIR,1,26,0.21209302325581394,12.0,600,5.32
EIR,1,27,0.27554817275747506,13.64,682,6.080645161290323
EIR,1,28,0.17654485049833887,10.5,525,5.060952380952381
EIR,1,29,0.18637873754152823,11.96,598,4.690635451505017
EIR,1,30,0.19574750830564783,12.18,609,4.83743842364532
EIR,1,31,0.2011295681063123,12.28,614,4.929967426710098
EIR,1,32,0.23421926910299004,12.6,630,5.595238095238095
EIR,1,33,0.18159468438538207,11.46,573,4.769633507853404
EIR,1,34,0.20046511627906977,11.84,592,5.096283783783784
EIR,1,35,0.21674418604651163,12.42,621,5.252818035426731
EIR,1,36,0.1889700996677741,12.52,626,4.543130990415335
EIR,1,37,0.23176079734219268,12.02,601,5.803660565723794
EIR,1,38,0.19435215946843853,11.04,552,5.298913043478261
EIR,1,39,0.17176079734219268,10.28,514,5.029182879377432
EIR,1,40,0.22398671096345515,11.76,588,5.732993197278912
EIR,1,41,0.18604651162790697,12.26,613,4.567699836867863
EIR,1,42,0.20352159468438538,12.68,634,4.831230283911672
EIR,1,43,0.2644518272425249,12.94,647,6.151468315301391
EIR,1,44,0.226578073089701,13.02,651,5.238095238095238
EIR,1,45,0.1869767441860465,12.02,601,4.6821963394342765
EIR,1,46,0.1829235880398671,11.28,564,4.881205673758865
EIR,1,47,0.1893687707641196,11.66,583,4.888507718696398
EIR,1,48,0.2587375415282392,13.12,656,5.935975609756097
EIR,1,49,0.21043189368770765,13.34,667,4.748125937031484
EIR,1,50,0.18099667774086378,11.28,564,4.829787234042553
EIR,1,51,0.17295681063122922,10.68,534,4.8745318352059925
EIR,1,52,0.2054485049833887,11.84,592,5.222972972972973
EIR,1,53,0.19993355481727576,12.38,619,4.861066235864297
EIR,1,54,0.1699667774086379,10.96,548,4.6678832116788325
EIR,1,55,0.22385382059800665,12.7,635,5.305511811023622
EIR,1,56,0.2267109634551495,12.24,612,5.57516339869281
EIR,1,57,0.23621262458471762,13.0,650,5.469230769230769
EIR,1,58,0.18943521594684384,12.64,632,4.511075949367089
EIR,1,59,0.2507641196013289,12.54,627,6.019138755980861
EIR,1,60,0.22338870431893687,12.06,603,5.5754560530679935
EIR,1,61,0.2249169435215947,12.38,619,5.468497576736672
EIR,1,62,0.23601328903654484,13.1,655,5.422900763358778
EIR,1,63,0.2012624584717608,11.74,587,5.1601362862010225
EIR,1,64,0.19654485049833886,12.54,627,4.717703349282297
EIR,1,65,0.2081063122923588,11.76,588,5.326530612244898
EIR,1,66,0.22465116279069766,11.78,589,5.740237691001698
EIR,1,67,0.21069767441860465,11.98,599,5.293823038397329
EIR,1,68,0.19807308970099669,12.12,606,4.919141914191419
EIR,1,69,0.20053156146179402,12.76,638,4.730407523510972
EIR,1,70,0.19754152823920265,12.5,625,4.7568
EIR,1,71,0.19807308970099669,12.3,615,4.847154471544715
EIR,1,72,0.20817275747508307,12.54,627,4.996810207336523
EIR,1,73,0.20970099667774086,12.42,621,5.082125603864735
EIR,1,74,0.1920265780730897,10.7,535,5.401869158878505
EIR,1,75,0.19209302325581395,11.64,582,4.9673539518900345
EIR,1,76,0.19029900332225913,11.74,587,4.879045996592845
EIR,1,77,0.2055813953488372,12.0,600,5.156666666666666
EIR,1,78,0.2425249169435216,12.56,628,5.812101910828026
EIR,1,79,0.15142857142857144,9.92,496,4.594758064516129
EIR,1,80,0.20079734219269102,12.3,615,4.913821138211382
EIR,1,81,0.19687707641196014,10.1,505,5.867326732673267
EIR,1,82,0.1906312292358804,10.82,541,5.303142329020333
EIR,1,83,0.23694352159468438,11.66,583,6.11663807890223
EIR,1,84,0.18179401993355482,11.02,551,4.9655172413793105
EIR,1,85,0.20830564784053157,11.04,552,5.679347826086956
EIR,1,86,0.2425249169435216,13.94,697,5.236728837876614
EIR,1,87,0.21787375415282392,11.8,590,5.557627118644068
EIR,1,88,0.19940199335548173,12.74,637,4.7111459968602825
EIR,1,89,0.1945514950166113,11.18,559,5.237924865831842
EIR,1,90,0.18219269102990032,11.32,566,4.84452296819788
EIR,1,91,0.25322259136212627,13.48,674,5.654302670623146
EIR,1,92,0.2601328903654485,12.26,613,6.386623164763458
EIR,1,93,0.21574750830564784,11.08,554,5.8610108303249095
EIR,1,94,0.2282392026578073,12.26,613,5.603588907014682
EIR,1,95,0.18345514950166114,11.0,550,5.02
EIR,1,96,0.21867109634551496,12.54,627,5.248803827751196
EIR,1,97,0.15375415282392027,10.4,520,4.45
EIR,1,98,0.18119601328903653,11.32,566,4.818021201413427
EIR,1,99,0.18604651162790697,10.3,515,5.436893203883495
EIR,1,100,0.16471760797342191,9.48,474,5.229957805907173
EIR,1,101,0.20385382059800664,11.44,572,5.363636363636363
EIR,1,102,0.19727574750830565,11.96,598,4.964882943143813
EIR,1,103,0.2653156146179402,13.74,687,5.812227074235808
EIR,1,104,0.24524916943521594,13.8,690,5.34927536231884
EIR,1,105,0.20398671096345514,11.64,582,5.274914089347079
EIR,1,106,0.20890365448504983,11.96,598,5.25752508361204
EIR,1,107,0.2376079734219269,12.22,611,5.852700490998363
EIR,1,108,0.21787375415282392,12.04,602,5.446843853820598
EIR,1,109,0.23109634551495017,13.04,652,5.3343558282208585
EIR,1,110,0.16119601328903654,10.52,526,4.612167300380228
EIR,1,111,0.21096345514950166,12.96,648,4.8996913580246915
EIR,1,112,0.20438538205980067,11.48,574,5.358885017421603
EIR,1,113,0.24451827242524918,13.56,678,5.427728613569322
EIR,1,114,0.179734219269103,10.54,527,5.132827324478178
EIR,1,115,0.1750830564784053,10.92,546,4.826007326007326
EIR,1,116,0.14578073089700996,9.9,495,4.432323232323232
EIR,1,117,0.2431893687707641,13.02,651,5.622119815668203
EIR,1,118,0.19767441860465115,11.14,557,5.341113105924596
EIR,1,119,0.19554817275747507,9.96,498,5.909638554216867
EIR,1,120,0.15661129568106313,10.5,525,4.48952380952381
EIR,1,121,0.22385382059800665,13.26,663,5.081447963800905
EIR,1,122,0.17295681063122922,10.0,500,5.206
EIR,1,123,0.19980066445182723,13.52,676,4.4482248520710055
EIR,1,124,0.2303654485049834,13.54,677,5.121122599704579
EIR,1,125,0.1637873754152824,10.48,524,4.7041984732824424
EIR,1,126,0.17561461794019934,10.16,508,5.202755905511811
EIR,1,127,0.20132890365448505,12.26,613,4.942903752039152
EIR,1,128,0.18172757475083057,11.56,578,4.731833910034602
EIR,1,129,0.2255813953488372,12.4,620,5.475806451612903
EIR,1,130,0.18259136212624585,11.3,565,4.863716814159292
EIR,1,131,0.17196013289036544,12.3,615,4.208130081300813
EIR,1,132,0.16358803986710962,11.3,565,4.357522123893805
EIR,1,133,0.17906976744186046,11.24,562,4.795373665480427
EIR,1,134,0.20498338870431893,11.14,557,5.5385996409335725
EIR,1,135,0.2102325581395349,12.18,609,5.195402298850575
EIR,1,136,0.1837873754152824,11.38,569,4.8611599297012305
EIR,1,137,0.16538205980066445,9.32,466,5.3412017167381975
EIR,1,138,0.22132890365448504,11.98,599,5.56093489148581
EIR,1,139,0.23043189368770764,12.12,606,5.7227722772277225
EIR,1,140,0.22398671096345515,11.36,568,5.934859154929577
EIR,1,141,0.19960132890365448,12.56,628,4.7834394904458595
EIR,1,142,0.30843853820598005,14.8,740,6.272972972972973
EIR,1,143,0.24624584717607972,11.48,574,6.456445993031359
EIR,1,144,0.2576744186046512,13.44,672,5.770833333333333
EIR,1,145,0.19986710963455148,12.2,610,4.9311475409836065
EIR,1,146,0.17235880398671097,9.5,475,5.461052631578947
EIR,1,147,0.22305647840531562,11.78,589,5.699490662139219
EIR,1,148,0.18465116279069768,11.98,599,4.639398998330551
EIR,1,149,0.2603986710963455,13.98,699,5.606580829756796
EIR,1,150,0.1655813953488372,10.8,540,4.614814814814815
EIR,1,151,0.1783388704318937,10.64,532,5.045112781954887
EIR,1,152,0.14877076411960133,10.92,546,4.1007326007326
EIR,1,153,0.21780730897009967,12.24,612,5.356209150326797
EIR,1,154,0.2474418604651163,13.0,650,5.729230769230769
EIR,1,155,0.19561461794019933,12.6,630,4.673015873015873
EIR,1,156,0.21940199335548172,11.58,579,5.702936096718481
EIR,1,157,0.26166112956810633,12.62,631,6.240887480190175
EIR,1,158,0.266046511627907,12.6,630,6.355555555555555
EIR,1,159,0.15687707641196014,10.22,511,4.620352250489237
EIR,1,160,0.18724252491694351,10.46,523,5.388145315487572
EIR,1,161,0.24411960132890365,12.1,605,6.072727272727272
EIR,1,162,0.2215282392026578,11.58,579,5.758203799654577
EIR,1,163,0.21269102990033223,11.64,582,5.5
EIR,1,164,0.18066445182724253,11.94,597,4.5544388609715245
EIR,1,165,0.23488372093023255,13.16,658,5.372340425531915
EIR,1,166,0.2077076411960133,12.38,619,5.050080775444265
EIR,1,167,0.27588039867109637,14.08,704,5.8977272727272725
EIR,1,168,0.19495016611295682,11.08,554,5.296028880866426
EIR,1,169,0.18312292358803986,11.08,554,4.974729241877256
EIR,1,170,0.25056478405315613,12.82,641,5.8829953198127924
EIR,1,171,0.2078405315614618,12.78,639,4.895148669796557
EIR,1,172,0.18817275747508305,12.14,607,4.665568369028007
EIR,1,173,0.1455813953488372,10.46,523,4.189292543021033
EIR,1,174,0.2095016611295681,13.46,673,4.684992570579495
EIR,1,175,0.2563455149501661,14.06,703,5.487908961593172
EIR,1,176,0.23182724252491693,12.48,624,5.591346153846154
EIR,1,177,0.21289036544850498,12.16,608,5.269736842105263
EIR,1,178,0.19700996677740865,11.84,592,5.008445945945946
EIR,1,179,0.11269102990033222,9.46,473,3.5856236786469347
EIR,1,180,0.2023920265780731,11.96,598,5.093645484949833
EIR,1,181,0.15674418604651164,10.7,535,4.409345794392523
EIR,1,182,0.2377408637873754,14.1,705,5.075177304964539
EIR,1,183,0.21794019933554817,13.06,653,5.022970903522205
EIR,1,184,0.1925581395348837,11.82,591,4.903553299492386
EIR,1,185,0.20053156146179402,11.1,555,5.437837837837838
EIR,1,186,0.2215282392026578,12.06,603,5.529021558872305
EIR,1,187,0.20186046511627906,12.18,609,4.988505747126437
EIR,1,188,0.19421926910299003,11.34,567,5.155202821869489
EIR,1,189,0.18724252491694351,10.52,526,5.357414448669202
EIR,1,190,0.22863787375415281,12.16,608,5.659539473684211
EIR,1,191,0.20764119601328904,11.68,584,5.351027397260274
EIR,1,192,0.2059800664451827,11.7,585,5.299145299145299
EIR,1,193,0.23508305647840533,13.3,665,5.320300751879699
EIR,1,194,0.2055813953488372,11.3,565,5.476106194690265
EIR,1,195,0.25129568106312294,12.36,618,6.119741100323624
EIR,1,196,0.19495016611295682,12.56,628,4.671974522292993
EIR,1,197,0.2528239202657807,12.16,608,6.2582236842105265
EIR,1,198,0.20106312292358805,13.0,650,4.655384615384615
EIR,1,199,0.25614617940199336,13.0,650,5.930769230769231
EIR,1,200,0.17388704318936876,11.98,599,4.368948247078464
EIR,1,201,0.19993355481727576,11.14,557,5.402154398563734
EIR,1,202,0.20485049833887042,11.44,572,5.38986013986014
EIR,1,203,0.23700996677740863,13.0,650,5.487692307692308
EIR,1,204,0.17215946843853822,10.46,523,4.954110898661568
EIR,1,205,0.20066445182724252,11.16,558,5.412186379928316
EIR,1,206,0.20956810631229236,10.38,519,6.077071290944123
EIR,1,207,0.22538205980066445,11.78,589,5.758913412563667
EIR,1,208,0.23667774086378737,13.92,696,5.117816091954023
EIR,1,209,0.2058471760797342,11.9,595,5.20672268907563
EIR,1,210,0.26571428571428574,13.88,694,5.762247838616715
EIR,1,211,0.22538205980066445,12.5,625,5.4272
EIR,1,212,0.18485049833887043,10.8,540,5.151851851851852
EIR,1,213,0.19880398671096344,11.4,570,5.249122807017544
EIR,1,214,0.18059800664451828,10.46,523,5.196940726577438
EIR,1,215,0.21667774086378738,11.46,573,5.69109947643979
EIR,1,216,0.19322259136212624,12.0,600,4.846666666666667
EIR,1,217,0.22398671096345515,13.34,667,5.053973013493254
EIR,1,218,0.18737541528239202,12.2,610,4.622950819672131
EIR,1,219,0.22345514950166112,12.18,609,5.522167487684729
EIR,1,220,0.18790697674418605,12.24,612,4.620915032679738
EIR,1,221,0.16564784053156145,10.02,501,4.976047904191617
EIR,1,222,0.29461794019933557,14.18,709,6.253878702397743
EIR,1,223,0.21847176079734218,13.44,672,4.892857142857143
EIR,1,224,0.2198671096345515,11.62,581,5.695352839931153
EIR,1,225,0.23375415282392026,12.42,621,5.665056360708535
EIR,1,226,0.24564784053156147,13.26,663,5.576168929110105
EIR,1,227,0.19129568106312292,11.02,551,5.2250453720508165
EIR,1,228,0.23475083056478405,12.82,641,5.511700468018721
EIR,1,229,0.25787375415282393,13.78,689,5.632801161103048
EIR,1,230,0.22239202657807308,11.66,583,5.740994854202401
EIR,1,231,0.18471760797342193,11.84,592,4.695945945945946
EIR,1,232,0.19003322259136213,11.16,558,5.125448028673835
EIR,1,233,0.17196013289036544,11.06,553,4.679927667269439
EIR,1,234,0.23714285714285716,12.62,631,5.6561014263074485
EIR,1,235,0.20299003322259135,12.64,632,4.833860759493671
EIR,1,236,0.1881063122923588,11.04,552,5.128623188405797
EIR,1,237,0.18498338870431894,11.58,579,4.808290155440415
EIR,1,238,0.23322259136212625,13.28,664,5.286144578313253
EIR,1,239,0.19913621262458472,12.98,649,4.617873651771957
EIR,1,240,0.23003322259136214,13.44,672,5.151785714285714
EIR,1,241,0.21953488372093025,12.28,614,5.381107491856677
EIR,1,242,0.2118936877076412,11.76,588,5.423469387755102
EIR,1,243,0.2255813953488372,11.78,589,5.764006791171477
EIR,1,244,0.21056478405315615,12.84,642,4.93613707165109
EIR,1,245,0.25813953488372093,13.9,695,5.589928057553957
EIR,1,246,0.22,11.06,553,5.987341772151899
EIR,1,247,0.22770764119601328,12.84,642,5.338006230529595
EIR,1,248,0.1918936877076412,11.98,599,4.821368948247079
EIR,1,249,0.23269102990033222,13.62,681,5.142437591776799
