strategy,state_h1,trial,mean_on_fraction,mean_rising_edges_per_node,total_rising_edges,mean_on_duration_s
RR,0,0,0.0,0.0,0,0.0
RR,0,1,6.64451827242525e-05,0.02,1,1.0
RR,0,2,0.0,0.0,0,0.0
RR,0,3,0.0,0.0,0,0.0
RR,0,4,0.0,0.0,0,0.0
RR,0,5,6.64451827242525e-05,0.02,1,1.0
RR,0,6,6.64451827242525e-05,0.02,1,1.0
RR,0,7,0.0,0.0,0,0.0
RR,0,8,6.64451827242525e-05,0.02,1,1.0
RR,0,9,6.64451827242525e-05,0.02,1,1.0
RR,0,10,6.64451827242525e-05,0.02,1,1.0
RR,0,11,0.0,0.0,0,0.0
RR,0,12,0.0,0.0,0,0.0
RR,0,13,6.64451827242525e-05,0.02,1,1.0
RR,0,14,0.0,0.0,0,0.0
RR,0,15,0.0,0.0,0,0.0
RR,0,16,0.0,0.0,0,0.0
RR,0,17,6.64451827242525e-05,0.02,1,1.0
RR,0,18,6.64451827242525e-05,0.02,1,1.0
RR,0,19,0.00019933554817275749,0.04,2,1.5
RR,0,20,0.0,0.0,0,0.0
RR,0,21,0.0,0.0,0,0.0
RR,0,22,0.0,0.0,0,0.0
RR,0,23,0.0,0.0,0,0.0
RR,0,24,0.000132890365448505,0.02,1,2.0
RR,0,25,0.0,0.0,0,0.0
RR,0,26,0.0,0.0,0,0.0
RR,0,27,0.0,0.0,0,0.0
RR,0,28,6.64451827242525e-05,0.02,1,1.0
RR,0,29,0.0,0.0,0,0.0
RR,0,30,6.64451827242525e-05,0.02,1,1.0
RR,0,31,0.0,0.0,0,0.0
RR,0,32,0.0,0.0,0,0.0
RR,0,33,0.0,0.0,0,0.0
RR,0,34,0.0,0.0,0,0.0
RR,0,35,0.0,0.0,0,0.0
RR,0,36,0.0,0.0,0,0.0
RR,0,37,6.64451827242525e-05,0.02,1,1.0
RR,0,38,0.0,0.0,0,0.0
RR,0,39,0.0,0.0,0,0.0
RR,0,40,6.64451827242525e-05,0.02,1,1.0
RR,0,41,0.0,0.0,0,0.0
RR,0,42,0.0,0.0,0,0.0
RR,0,43,6.64451827242525e-05,0.02,1,1.0
RR,0,44,0.0,0.0,0,0.0
RR,0,45,0.000132890365448505,0.04,2,1.0
RR,0,46,0.000132890365448505,0.02,1,2.0
RR,0,47,0.00019933554817275749,0.06,3,1.0
RR,0,48,0.0,0.0,0,0.0
RR,0,49,6.64451827242525e-05,0.02,1,1.0
RR,0,50,0.0,0.0,0,0.0
RR,0,51,0.0,0.0,0,0.0
RR,0,52,6.64451827242525e-05,0.02,1,1.0
RR,0,53,0.0,0.0,0,0.0
RR,0,54,6.64451827242525e-05,0.02,1,1.0
RR,0,55,0.0,0.0,0,0.0
RR,0,56,0.0,0.0,0,0.0
RR,0,57,0.0,0.0,0,0.0
RR,0,58,0.0,0.0,0,0.0
RR,0,59,0.000132890365448505,0.02,1,2.0
RR,0,60,0.0,0.0,0,0.0
RR,0,61,0.0,0.0,0,0.0
RR,0,62,0.0,0.0,0,0.0
RR,0,63,0.0,0.0,0,0.0
RR,0,64,0.0,0.0,0,0.0
RR,0,65,0.0,0.0,0,0.0
RR,0,66,0.0,0.0,0,0.0
RR,0,67,6.64451827242525e-05,0.02,1,1.0
RR,0,68,0.0,0.0,0,0.0
RR,0,69,0.0,0.0,0,0.0
RR,0,70,0.0,0.0,0,0.0
RR,0,71,0.0,0.0,0,0.0
RR,0,72,0.0,0.0,0,0.0
RR,0,73,0.0,0.0,0,0.0
RR,0,74,0.0,0.0,0,0.0
RR,0,75,0.0,0.0,0,0.0
RR,0,76,0.0,0.0,0,0.0
RR,0,77,0.0,0.0,0,0.0
RR,0,78,6.64451827242525e-05,0.02,1,1.0
RR,0,79,0.0,0.0,0,0.0
RR,0,80,0.0,0.0,0,0.0
RR,0,81,0.0,0.0,0,0.0
RR,0,82,0.0,0.0,0,0.0
RR,0,83,0.0,0.0,0,0.0
RR,0,84,6.64451827242525e-05,0.02,1,1.0
RR,0,85,6.64451827242525e-05,0.02,1,1.0
RR,0,86,0.0,0.0,0,0.0
RR,0,87,0.00019933554817275749,0.02,1,3.0
RR,0,88,0.0,0.0,0,0.0
RR,0,89,0.0,0.0,0,0.0
RR,0,90,0.0,0.0,0,0.0
RR,0,91,0.00019933554817275749,0.02,1,3.0
RR,0,92,0.0,0.0,0,0.0
RR,0,93,0.0,0.0,0,0.0
RR,0,94,0.0,0.0,0,0.0
RR,0,95,0.0,0.0,0,0.0
RR,0,96,6.64451827242525e-05,0.02,1,1.0
RR,0,97,0.0,0.0,0,0.0
RR,0,98,0.000132890365448505,0.02,1,2.0
RR,0,99,0.000132890365448505,0.04,2,1.0
TR,0,0,6.64451827242525e-05,0.02,1,1.0
TR,0,1,0.0,0.0,0,0.0
TR,0,2,6.64451827242525e-05,0.02,1,1.0
TR,0,3,0.0,0.0,0,0.0
TR,0,4,0.0,0.0,0,0.0
TR,0,5,0.0,0.0,0,0.0
TR,0,6,0.000132890365448505,0.02,1,2.0
TR,0,7,0.000132890365448505,0.02,1,2.0
TR,0,8,6.64451827242525e-05,0.02,1,1.0
TR,0,9,0.0,0.0,0,0.0
TR,0,10,0.0,0.0,0,0.0
TR,0,11,0.0,0.0,0,0.0
TR,0,12,0.0,0.0,0,0.0
TR,0,13,0.0,0.0,0,0.0
TR,0,14,0.0,0.0,0,0.0
TR,0,15,0.0,0.0,0,0.0
TR,0,16,0.00019933554817275749,0.04,2,1.5
TR,0,17,0.00019933554817275749,0.04,2,1.5
TR,0,18,6.64451827242525e-05,0.02,1,1.0
TR,0,19,0.0,0.0,0,0.0
TR,0,20,0.0,0.0,0,0.0
TR,0,21,6.64451827242525e-05,0.02,1,1.0
TR,0,22,0.0003322259136212625,0.04,2,2.5
TR,0,23,0.0,0.0,0,0.0
TR,0,24,0.0,0.0,0,0.0
TR,0,25,0.0,0.0,0,0.0
TR,0,26,0.0,0.0,0,0.0
TR,0,27,0.000132890365448505,0.02,1,2.0
TR,0,28,0.00026578073089701,0.06,3,1.3333333333333333
TR,0,29,0.0,0.0,0,0.0
TR,0,30,6.64451827242525e-05,0.02,1,1.0
TR,0,31,0.0,0.0,0,0.0
TR,0,32,6.64451827242525e-05,0.02,1,1.0
TR,0,33,0.0,0.0,0,0.0
TR,0,34,6.64451827242525e-05,0.02,1,1.0
TR,0,35,6.64451827242525e-05,0.02,1,1.0
TR,0,36,0.0,0.0,0,0.0
TR,0,37,6.64451827242525e-05,0.02,1,1.0
TR,0,38,6.64451827242525e-05,0.02,1,1.0
TR,0,39,0.0,0.0,0,0.0
TR,0,40,0.000132890365448505,0.04,2,1.0
TR,0,41,0.0,0.0,0,0.0
TR,0,42,0.0,0.0,0,0.0
TR,0,43,0.0003322259136212625,0.04,2,2.5
TR,0,44,0.00019933554817275749,0.02,1,3.0
TR,0,45,0.0003322259136212625,0.04,2,2.5
TR,0,46,0.0,0.0,0,0.0
TR,0,47,0.0,0.0,0,0.0
TR,0,48,0.0,0.0,0,0.0
TR,0,49,0.0,0.0,0,0.0
TR,0,50,6.64451827242525e-05,0.02,1,1.0
TR,0,51,0.0,0.0,0,0.0
TR,0,52,0.000132890365448505,0.02,1,2.0
TR,0,53,0.0,0.0,0,0.0
TR,0,54,0.000132890365448505,0.02,1,2.0
TR,0,55,6.64451827242525e-05,0.02,1,1.0
TR,0,56,0.0,0.0,0,0.0
TR,0,57,0.00026578073089701,0.04,2,2.0
TR,0,58,0.0,0.0,0,0.0
TR,0,59,0.000132890365448505,0.02,1,2.0
TR,0,60,6.64451827242525e-05,0.02,1,1.0
TR,0,61,0.0,0.0,0,0.0
TR,0,62,6.64451827242525e-05,0.02,1,1.0
TR,0,63,0.0,0.0,0,0.0
TR,0,64,0.0,0.0,0,0.0
TR,0,65,0.00019933554817275749,0.04,2,1.5
TR,0,66,0.0,0.0,0,0.0
TR,0,67,0.0,0.0,0,0.0
TR,0,68,0.0,0.0,0,0.0
TR,0,69,0.0,0.0,0,0.0
TR,0,70,0.0,0.0,0,0.0
TR,0,71,0.0,0.0,0,0.0
TR,0,72,0.0,0.0,0,0.0
TR,0,73,0.0,0.0,0,0.0
TR,0,74,0.00019933554817275749,0.04,2,1.5
TR,0,75,0.0,0.0,0,0.0
TR,0,76,6.64451827242525e-05,0.02,1,1.0
TR,0,77,0.0,0.0,0,0.0
TR,0,78,6.64451827242525e-05,0.02,1,1.0
TR,0,79,0.0,0.0,0,0.0
TR,0,80,6.64451827242525e-05,0.02,1,1.0
TR,0,81,0.0,0.0,0,0.0
TR,0,82,6.64451827242525e-05,0.02,1,1.0
TR,0,83,0.0,0.0,0,0.0
TR,0,84,0.0,0.0,0,0.0
TR,0,85,0.0,0.0,0,0.0
TR,0,86,0.0,0.0,0,0.0
TR,0,87,0.0,0.0,0,0.0
TR,0,88,0.0,0.0,0,0.0
TR,0,89,0.000132890365448505,0.04,2,1.0
TR,0,90,0.0,0.0,0,0.0
TR,0,91,0.0,0.0,0,0.0
TR,0,92,0.0,0.0,0,0.0
TR,0,93,0.0,0.0,0,0.0
TR,0,94,0.0,0.0,0,0.0
TR,0,95,6.64451827242525e-05,0.02,1,1.0
TR,0,96,0.00019933554817275749,0.02,1,3.0
TR,0,97,6.64451827242525e-05,0.02,1,1.0
TR,0,98,0.0,0.0,0,0.0
TR,0,99,0.0,0.0,0,0.0
EIR,0,0,0.0,0.0,0,0.0
EIR,0,1,0.0016611295681063123,0.08,4,6.25
EIR,0,2,0.0,0.0,0,0.0
EIR,0,3,0.0015282392026578072,0.08,4,5.75
EIR,0,4,0.00106312292358804,0.04,2,8.0
EIR,0,5,0.000664451827242525,0.02,1,10.0
EIR,0,6,0.0,0.0,0,0.0
EIR,0,7,0.0,0.0,0,0.0
EIR,0,8,0.0,0.0,0,0.0
EIR,0,9,0.00026578073089701,0.02,1,4.0
EIR,0,10,0.0,0.0,0,0.0
EIR,0,11,0.0,0.0,0,0.0
EIR,0,12,0.0,0.0,0,0.0
EIR,0,13,0.00026578073089701,0.02,1,4.0
EIR,0,14,0.0,0.0,0,0.0
EIR,0,15,0.00053156146179402,0.02,1,8.0
EIR,0,16,0.0007308970099667774,0.02,1,11.0
EIR,0,17,0.0,0.0,0,0.0
EIR,0,18,0.0,0.0,0,0.0
EIR,0,19,0.0,0.0,0,0.0
EIR,0,20,0.0,0.0,0,0.0
EIR,0,21,0.0003322259136212625,0.02,1,5.0
EIR,0,22,0.0,0.0,0,0.0
EIR,0,23,0.00039867109634551497,0.02,1,6.0
EIR,0,24,0.00053156146179402,0.02,1,8.0
EIR,0,25,0.00039867109634551497,0.02,1,6.0
EIR,0,26,0.0,0.0,0,0.0
EIR,0,27,0.0003322259136212625,0.02,1,5.0
EIR,0,28,0.0,0.0,0,0.0
EIR,0,29,0.0,0.0,0,0.0
EIR,0,30,0.0,0.0,0,0.0
EIR,0,31,0.00053156146179402,0.02,1,8.0
EIR,0,32,0.0,0.0,0,0.0
EIR,0,33,0.0,0.0,0,0.0
EIR,0,34,0.0,0.0,0,0.0
EIR,0,35,0.00039867109634551497,0.02,1,6.0
EIR,0,36,0.0007308970099667774,0.02,1,11.0
EIR,0,37,0.0008637873754152824,0.04,2,6.5
EIR,0,38,0.0,0.0,0,0.0
EIR,0,39,0.00046511627906976747,0.02,1,7.0
EIR,0,40,0.0,0.0,0,0.0
EIR,0,41,0.000664451827242525,0.02,1,10.0
EIR,0,42,0.0,0.0,0,0.0
EIR,0,43,0.00039867109634551497,0.02,1,6.0
EIR,0,44,0.0,0.0,0,0.0
EIR,0,45,0.0,0.0,0,0.0
EIR,0,46,0.00053156146179402,0.02,1,8.0
EIR,0,47,0.0,0.0,0,0.0
EIR,0,48,0.0,0.0,0,0.0
EIR,0,49,0.00046511627906976747,0.02,1,7.0
EIR,0,50,0.0,0.0,0,0.0
EIR,0,51,0.0,0.0,0,0.0
EIR,0,52,0.0,0.0,0,0.0
EIR,0,53,0.0005980066445182724,0.02,1,9.0
EIR,0,54,0.0,0.0,0,0.0
EIR,0,55,0.0,0.0,0,0.0
EIR,0,56,0.0011295681063122924,0.04,2,8.5
EIR,0,57,0.00053156146179402,0.02,1,8.0
EIR,0,58,0.0,0.0,0,0.0
EIR,0,59,0.0,0.0,0,0.0
EIR,0,60,0.0003322259136212625,0.02,1,5.0
EIR,0,61,0.0,0.0,0,0.0
EIR,0,62,0.0005980066445182724,0.02,1,9.0
EIR,0,63,0.0,0.0,0,0.0
EIR,0,64,0.0,0.0,0,0.0
EIR,0,65,0.0007973421926910299,0.02,1,12.0
EIR,0,66,0.00039867109634551497,0.02,1,6.0
EIR,0,67,0.0,0.0,0,0.0
EIR,0,68,0.0,0.0,0,0.0
EIR,0,69,0.00039867109634551497,0.02,1,6.0
EIR,0,70,0.0,0.0,0,0.0
EIR,0,71,0.0,0.0,0,0.0
EIR,0,72,0.00039867109634551497,0.02,1,6.0
EIR,0,73,0.0,0.0,0,0.0
EIR,0,74,0.0,0.0,0,0.0
EIR,0,75,0.0012624584717607973,0.04,2,9.5
EIR,0,76,0.0,0.0,0,0.0
EIR,0,77,0.0007973421926910299,0.04,2,6.0
EIR,0,78,0.0005980066445182724,0.02,1,9.0
EIR,0,79,0.00132890365448505,0.06,3,6.666666666666667
EIR,0,80,0.0,0.0,0,0.0
EIR,0,81,0.0,0.0,0,0.0
EIR,0,82,0.0,0.0,0,0.0
EIR,0,83,0.00053156146179402,0.02,1,8.0
EIR,0,84,0.0012624584717607973,0.04,2,9.5
EIR,0,85,0.0,0.0,0,0.0
EIR,0,86,0.000664451827242525,0.02,1,10.0
EIR,0,87,0.0,0.0,0,0.0
EIR,0,88,0.0,0.0,0,0.0
EIR,0,89,0.0,0.0,0,0.0
EIR,0,90,0.0,0.0,0,0.0
EIR,0,91,0.0,0.0,0,0.0
EIR,0,92,0.0,0.0,0,0.0
EIR,0,93,0.0007308970099667774,0.04,2,5.5
EIR,0,94,0.0,0.0,0,0.0
EIR,0,95,0.0,0.0,0,0.0
EIR,0,96,0.0,0.0,0,0.0
EIR,0,97,0.0,0.0,0,0.0
EIR,0,98,0.0,0.0,0,0.0
EIR,0,99,0.0005980066445182724,0.02,1,9.0
RR,1,0,0.010431893687707642,0.98,49,3.204081632653061
RR,1,1,0.030232558139534883,2.16,108,4.212962962962963
RR,1,2,0.01760797342192691,1.46,73,3.6301369863013697
RR,1,3,0.04325581395348837,2.8,140,4.65
RR,1,4,0.027574750830564786,2.16,108,3.8425925925925926
RR,1,5,0.03215946843853821,2.06,103,4.699029126213592
RR,1,6,0.004651162790697674,0.6,30,2.3333333333333335
RR,1,7,0.02006644518272425,1.36,68,4.4411764705882355
RR,1,8,0.02352159468438538,2.18,109,3.2477064220183487
RR,1,9,0.013953488372093023,1.9,95,2.210526315789474
RR,1,10,0.023920265780730896,2.28,114,3.1578947368421053
RR,1,11,0.05149501661129568,3.0,150,5.166666666666667
RR,1,12,0.011295681063122924,0.98,49,3.4693877551020407
RR,1,13,0.017740863787375414,1.48,74,3.608108108108108
RR,1,14,0.013156146179401994,1.34,67,2.955223880597015
RR,1,15,0.02963455149501661,2.46,123,3.6260162601626016
RR,1,16,0.011428571428571429,1.3,65,2.646153846153846
RR,1,17,0.012757475083056479,1.1,55,3.4909090909090907
RR,1,18,0.018205980066445183,1.8,90,3.0444444444444443
RR,1,19,0.03215946843853821,2.52,126,3.8412698412698414
RR,1,20,0.009102990033222591,1.08,54,2.537037037037037
RR,1,21,0.016677740863787375,1.42,71,3.535211267605634
RR,1,22,0.006445182724252492,0.64,32,3.03125
RR,1,23,0.016146179401993355,1.86,93,2.6129032258064515
RR,1,24,0.019136212624584717,1.24,62,4.645161290322581
RR,1,25,0.011827242524916943,1.36,68,2.6176470588235294
RR,1,26,0.04006644518272425,2.74,137,4.401459854014599
RR,1,27,0.014950166112956811,1.06,53,4.245283018867925
RR,1,28,0.029501661129568105,2.48,124,3.5806451612903225
RR,1,29,0.01388704318936877,1.08,54,3.8703703703703702
RR,1,30,0.028970099667774085,2.36,118,3.694915254237288
RR,1,31,0.009368770764119601,0.94,47,3.0
RR,1,32,0.02830564784053156,2.36,118,3.610169491525424
RR,1,33,0.035614617940199336,2.76,138,3.8840579710144927
RR,1,34,0.010299003322259137,0.8,40,3.875
RR,1,35,0.02,1.4,70,4.3
RR,1,36,0.005382059800664452,0.56,28,2.892857142857143
RR,1,37,0.025714285714285714,2.1,105,3.6857142857142855
RR,1,38,0.029169435215946844,2.44,122,3.598360655737705
RR,1,39,0.012956810631229236,1.34,67,2.91044776119403
RR,1,40,0.04225913621262459,2.84,142,4.47887323943662
RR,1,41,0.030963455149501662,2.66,133,3.5037593984962405
RR,1,42,0.03946843853820598,2.98,149,3.9865771812080535
RR,1,43,0.017940199335548173,1.52,76,3.5526315789473686
RR,1,44,0.01362126245847176,1.36,68,3.014705882352941
RR,1,45,0.02026578073089701,1.68,84,3.630952380952381
RR,1,46,0.009966777408637873,1.02,51,2.9411764705882355
RR,1,47,0.02079734219269103,1.76,88,3.5568181818181817
RR,1,48,0.03242524916943522,2.04,102,4.784313725490196
RR,1,49,0.011561461794019933,1.06,53,3.2830188679245285
RR,1,50,0.029435215946843854,2.18,109,4.064220183486238
RR,1,51,0.018405315614617942,1.42,71,3.9014084507042255
RR,1,52,0.045647840531561464,3.64,182,3.7747252747252746
RR,1,53,0.0345514950166113,2.22,111,4.684684684684685
RR,1,54,0.045514950166112955,3.3,165,4.151515151515151
RR,1,55,0.01813953488372093,2.08,104,2.625
RR,1,56,0.025980066445182724,1.76,88,4.443181818181818
RR,1,57,0.029169435215946844,2.58,129,3.4031007751937983
RR,1,58,0.020199335548172756,1.22,61,4.983606557377049
RR,1,59,0.03548172757475083,2.48,124,4.306451612903226
RR,1,60,0.022325581395348838,2.08,104,3.230769230769231
RR,1,61,0.03242524916943522,2.0,100,4.88
RR,1,62,0.004053156146179402,0.44,22,2.772727272727273
RR,1,63,0.013156146179401994,0.64,32,6.1875
RR,1,64,0.016146179401993355,0.8,40,6.075
RR,1,65,0.011362126245847176,1.08,54,3.1666666666666665
RR,1,66,0.05016611295681063,3.56,178,4.241573033707865
RR,1,67,0.007906976744186046,0.64,32,3.71875
RR,1,68,0.00877076411960133,1.24,62,2.129032258064516
RR,1,69,0.0279734219269103,2.5,125,3.368
RR,1,70,0.020132890365448505,1.36,68,4.455882352941177
RR,1,71,0.008637873754152824,1.12,56,2.3214285714285716
RR,1,72,0.036611295681063125,2.76,138,3.9927536231884058
RR,1,73,0.01973421926910299,1.46,73,4.068493150684931
RR,1,74,0.014352159468438538,1.58,79,2.7341772151898733
RR,1,75,0.0359468438538206,2.68,134,4.037313432835821
RR,1,76,0.037541528239202655,2.86,143,3.9510489510489513
RR,1,77,0.023322259136212626,1.94,97,3.618556701030928
RR,1,78,0.03375415282392027,2.82,141,3.602836879432624
RR,1,79,0.01674418604651163,1.98,99,2.5454545454545454
RR,1,80,0.03707641196013289,2.44,122,4.573770491803279
RR,1,81,0.03395348837209302,2.8,140,3.65
RR,1,82,0.03441860465116279,2.14,107,4.841121495327103
RR,1,83,0.024119601328903655,1.96,98,3.704081632653061
RR,1,84,0.01362126245847176,1.26,63,3.253968253968254
RR,1,85,0.02558139534883721,2.22,111,3.4684684684684686
RR,1,86,0.008438538205980067,0.88,44,2.8863636363636362
RR,1,87,0.012358803986710963,1.02,51,3.6470588235294117
RR,1,88,0.026910299003322258,2.22,111,3.6486486486486487
RR,1,89,0.017940199335548173,1.34,67,4.029850746268656
RR,1,90,0.027840531561461795,2.36,118,3.5508474576271185
RR,1,91,0.05169435215946844,2.92,146,5.328767123287672
RR,1,92,0.02152823920265781,1.34,67,4.835820895522388
RR,1,93,0.022724252491694352,1.82,91,3.758241758241758
RR,1,94,0.037807308970099665,2.32,116,4.905172413793103
RR,1,95,0.02770764119601329,2.54,127,3.283464566929134
RR,1,96,0.03461794019933555,2.44,122,4.270491803278689
RR,1,97,0.014019933554817276,0.76,38,5.552631578947368
RR,1,98,0.018538205980066447,1.9,95,2.9368421052631577
RR,1,99,0.007840531561461793,0.82,41,2.8780487804878048
TR,1,0,0.008970099667774087,0.78,39,3.4615384615384617
TR,1,1,0.02777408637873754,2.48,124,3.370967741935484
TR,1,2,0.011096345514950166,1.24,62,2.693548387096774
TR,1,3,0.01441860465116279,1.48,74,2.9324324324324325
TR,1,4,0.004119601328903655,0.62,31,2.0
TR,1,5,0.012956810631229236,1.16,58,3.3620689655172415
TR,1,6,0.010697674418604652,1.28,64,2.515625
TR,1,7,0.012624584717607974,1.68,84,2.261904761904762
TR,1,8,0.014551495016611295,1.56,78,2.8076923076923075
TR,1,9,0.025647840531561463,1.92,96,4.020833333333333
TR,1,10,0.007308970099667774,0.88,44,2.5
TR,1,11,0.015415282392026579,1.38,69,3.36231884057971
TR,1,12,0.007707641196013289,0.84,42,2.761904761904762
TR,1,13,0.01893687707641196,1.5,75,3.8
TR,1,14,0.007906976744186046,1.22,61,1.9508196721311475
TR,1,15,0.009501661129568106,0.82,41,3.4878048780487805
TR,1,16,0.007973421926910298,0.9,45,2.6666666666666665
TR,1,17,0.019269102990033222,2.02,101,2.871287128712871
TR,1,18,0.009568106312292358,1.16,58,2.4827586206896552
TR,1,19,0.009634551495016611,0.94,47,3.0851063829787235
TR,1,20,0.005049833887043189,0.68,34,2.235294117647059
TR,1,21,0.013820598006644518,1.12,56,3.7142857142857144
TR,1,22,0.011627906976744186,1.08,54,3.240740740740741
TR,1,23,0.008903654485049834,0.96,48,2.7916666666666665
TR,1,24,0.02079734219269103,2.04,102,3.0686274509803924
TR,1,25,0.010564784053156147,0.88,44,3.6136363636363638
TR,1,26,0.023654485049833886,1.9,95,3.7473684210526317
TR,1,27,0.005714285714285714,0.76,38,2.263157894736842
TR,1,28,0.01707641196013289,1.6,80,3.2125
TR,1,29,0.006910299003322259,0.58,29,3.586206896551724
TR,1,30,0.013953488372093023,1.34,67,3.1343283582089554
TR,1,31,0.017408637873754153,1.56,78,3.358974358974359
TR,1,32,0.004850498338870432,0.46,23,3.1739130434782608
TR,1,33,0.010498338870431894,0.88,44,3.590909090909091
TR,1,34,0.00212624584717608,0.32,16,2.0
TR,1,35,0.014019933554817276,1.14,57,3.7017543859649122
TR,1,36,0.023255813953488372,2.06,103,3.3980582524271843
TR,1,37,0.012093023255813953,1.16,58,3.1379310344827585
TR,1,38,0.019401993355481727,1.56,78,3.7435897435897436
TR,1,39,0.021727574750830564,2.08,104,3.144230769230769
TR,1,40,0.016943521594684385,1.68,84,3.0357142857142856
TR,1,41,0.007906976744186046,0.8,40,2.975
TR,1,42,0.009700996677740863,0.88,44,3.3181818181818183
TR,1,43,0.010830564784053157,1.08,54,3.0185185185185186
TR,1,44,0.008837209302325582,0.84,42,3.1666666666666665
TR,1,45,0.010830564784053157,1.0,50,3.26
TR,1,46,0.020398671096345515,1.46,73,4.205479452054795
TR,1,47,0.007840531561461793,0.72,36,3.2777777777777777
TR,1,48,0.014485049833887043,1.46,73,2.9863013698630136
TR,1,49,0.012558139534883722,1.14,57,3.3157894736842106
TR,1,50,0.024651162790697675,2.12,106,3.5
TR,1,51,0.02073089700996678,1.52,76,4.105263157894737
TR,1,52,0.023654485049833886,2.18,109,3.2660550458715596
TR,1,53,0.010299003322259137,1.16,58,2.6724137931034484
TR,1,54,0.011893687707641196,1.1,55,3.2545454545454544
TR,1,55,0.023322259136212626,1.86,93,3.774193548387097
TR,1,56,0.011295681063122924,0.92,46,3.6956521739130435
TR,1,57,0.017740863787375414,1.58,79,3.3797468354430378
TR,1,58,0.012159468438538205,1.24,62,2.9516129032258065
TR,1,59,0.02033222591362126,1.22,61,5.016393442622951
TR,1,60,0.0026578073089701,0.36,18,2.2222222222222223
TR,1,61,0.006445182724252492,0.66,33,2.9393939393939394
TR,1,62,0.006777408637873754,0.68,34,3.0
TR,1,63,0.007043189368770764,0.68,34,3.1176470588235294
TR,1,64,0.022657807308970098,2.34,117,2.9145299145299144
TR,1,65,0.003521594684385382,0.6,30,1.7666666666666666
TR,1,66,0.0029235880398671096,0.48,24,1.8333333333333333
TR,1,67,0.012225913621262458,1.32,66,2.787878787878788
TR,1,68,0.015481727574750831,1.5,75,3.1066666666666665
TR,1,69,0.009169435215946844,1.02,51,2.7058823529411766
TR,1,70,0.02292358803986711,1.76,88,3.9204545454545454
TR,1,71,0.014219269102990033,1.14,57,3.754385964912281
TR,1,72,0.011827242524916943,1.22,61,2.918032786885246
TR,1,73,0.019003322259136212,1.82,91,3.142857142857143
TR,1,74,0.02431893687707641,1.92,96,3.8125
TR,1,75,0.011295681063122924,1.2,60,2.8333333333333335
TR,1,76,0.016877076411960134,1.58,79,3.2151898734177213
TR,1,77,0.006910299003322259,0.92,46,2.260869565217391
TR,1,78,0.01581395348837209,1.26,63,3.7777777777777777
TR,1,79,0.02006644518272425,1.78,89,3.393258426966292
TR,1,80,0.02186046511627907,1.4,70,4.7
TR,1,81,0.012890365448504984,1.22,61,3.180327868852459
TR,1,82,0.010498338870431894,1.04,52,3.0384615384615383
TR,1,83,0.016677740863787375,1.46,73,3.4383561643835616
TR,1,84,0.007774086378737542,0.66,33,3.5454545454545454
TR,1,85,0.008903654485049834,0.76,38,3.526315789473684
TR,1,86,0.016411960132890365,1.3,65,3.8
TR,1,87,0.010033222591362126,0.94,47,3.2127659574468086
TR,1,88,0.017674418604651163,1.88,94,2.8297872340425534
TR,1,89,0.025382059800664453,2.42,121,3.15702479338843
TR,1,90,0.012425249169435215,1.06,53,3.5283018867924527
TR,1,91,0.012425249169435215,1.16,58,3.2241379310344827
TR,1,92,0.021129568106312294,1.84,92,3.4565217391304346
TR,1,93,0.01707641196013289,1.52,76,3.3815789473684212
TR,1,94,0.01787375415282392,1.5,75,3.5866666666666664
TR,1,95,0.009435215946843854,0.84,42,3.380952380952381
TR,1,96,0.013355481727574751,1.34,67,3.0
TR,1,97,0.004318936877076412,0.52,26,2.5
TR,1,98,0.02099667774086379,1.88,94,3.3617021276595747
TR,1,99,0.012823920265780732,1.14,57,3.3859649122807016
EIR,1,0,0.40365448504983387,0.6,30,202.5
EIR,1,1,0.3326910299003322,0.64,32,156.46875
EIR,1,2,0.3028571428571429,0.78,39,116.87179487179488
EIR,1,3,0.36046511627906974,0.64,32,169.53125
EIR,1,4,0.33043189368770765,0.78,39,127.51282051282051
EIR,1,5,0.34744186046511627,0.6,30,174.3
EIR,1,6,0.3437209302325581,0.58,29,178.3793103448276
EIR,1,7,0.2801993355481728,0.56,28,150.60714285714286
EIR,1,8,0.3617940199335548,0.72,36,151.25
EIR,1,9,0.3324916943521595,0.58,29,172.55172413793105
EIR,1,10,0.4443189368770764,0.72,36,185.75
EIR,1,11,0.26192691029900333,0.72,36,109.5
EIR,1,12,0.32372093023255816,0.54,27,180.44444444444446
EIR,1,13,0.3555481727574751,0.58,29,184.51724137931035
EIR,1,14,0.32372093023255816,0.52,26,187.3846153846154
EIR,1,15,0.3678405315614618,0.8,40,138.4
EIR,1,16,0.35754152823920266,0.64,32,168.15625
EIR,1,17,0.2955481727574751,0.56,28,158.85714285714286
EIR,1,18,0.41940199335548173,0.78,39,161.84615384615384
EIR,1,19,0.3645847176079734,0.76,38,144.39473684210526
EIR,1,20,0.3045847176079734,0.58,29,158.06896551724137
EIR,1,21,0.3290365448504983,0.62,31,159.74193548387098
EIR,1,22,0.30890365448504986,0.52,26,178.80769230769232
EIR,1,23,0.3890365448504983,0.76,38,154.07894736842104
EIR,1,24,0.2693687707641196,0.54,27,150.14814814814815
EIR,1,25,0.3249833887043189,0.66,33,148.21212121212122
EIR,1,26,0.2001328903654485,0.42,21,143.42857142857142
EIR,1,27,0.31707641196013286,0.72,36,132.55555555555554
EIR,1,28,0.3329568106312292,0.62,31,161.6451612903226
EIR,1,29,0.2021262458471761,0.58,29,104.89655172413794
EIR,1,30,0.40744186046511627,0.76,38,161.3684210526316
EIR,1,31,0.40471760797342193,0.64,32,190.34375
EIR,1,32,0.2987375415282392,0.74,37,121.51351351351352
EIR,1,33,0.26112956810631227,0.56,28,140.35714285714286
EIR,1,34,0.3484385382059801,0.6,30,174.8
EIR,1,35,0.3226578073089701,0.7,35,138.74285714285713
EIR,1,36,0.38883720930232557,0.76,38,154.0
EIR,1,37,0.2545514950166113,0.44,22,174.13636363636363
EIR,1,38,0.33973421926910297,0.48,24,213.04166666666666
EIR,1,39,0.29295681063122925,0.64,32,137.78125
EIR,1,40,0.3940199335548173,0.66,33,179.6969696969697
EIR,1,41,0.29448504983388707,0.64,32,138.5
EIR,1,42,0.34299003322259136,0.62,31,166.51612903225808
EIR,1,43,0.30485049833887046,0.54,27,169.92592592592592
EIR,1,44,0.36684385382059803,0.86,43,128.3953488372093
EIR,1,45,0.45083056478405314,0.56,28,242.32142857142858
EIR,1,46,0.26372093023255816,0.58,29,136.86206896551724
EIR,1,47,0.4096345514950166,0.74,37,166.6216216216216
EIR,1,48,0.34392026578073087,0.78,39,132.71794871794873
EIR,1,49,0.3748172757475083,0.62,31,181.96774193548387
EIR,1,50,0.3122923588039867,0.6,30,156.66666666666666
EIR,1,51,0.33867109634551495,0.52,26,196.03846153846155
EIR,1,52,0.2213953488372093,0.46,23,144.8695652173913
EIR,1,53,0.4042524916943522,0.78,39,156.0
EIR,1,54,0.3229235880398671,0.54,27,180.0
EIR,1,55,0.31813953488372093,0.56,28,171.0
EIR,1,56,0.2996013289036545,0.44,22,204.95454545454547
EIR,1,57,0.28205980066445185,0.6,30,141.5
EIR,1,58,0.4089700996677741,0.7,35,175.85714285714286
EIR,1,59,0.3738205980066445,0.64,32,175.8125
EIR,1,60,0.35009966777408635,0.62,31,169.96774193548387
EIR,1,61,0.3070431893687708,0.6,30,154.03333333333333
EIR,1,62,0.2951495016611296,0.66,33,134.6060606060606
EIR,1,63,0.313156146179402,0.56,28,168.32142857142858
EIR,1,64,0.3303654485049834,0.58,29,171.44827586206895
EIR,1,65,0.3253820598006644,0.66,33,148.3939393939394
EIR,1,66,0.31116279069767444,0.64,32,146.34375
EIR,1,67,0.2885714285714286,0.5,25,173.72
EIR,1,68,0.353687707641196,0.62,31,171.70967741935485
EIR,1,69,0.4030564784053156,0.72,36,168.5
EIR,1,70,0.28026578073089703,0.58,29,145.44827586206895
EIR,1,71,0.3822591362126246,0.6,30,191.76666666666668
EIR,1,72,0.26438538205980067,0.7,35,113.68571428571428
EIR,1,73,0.3433222591362126,0.72,36,143.52777777777777
EIR,1,74,0.2702325581395349,0.7,35,116.2
EIR,1,75,0.33382059800664454,0.68,34,147.76470588235293
EIR,1,76,0.3222591362126246,0.58,29,167.24137931034483
EIR,1,77,0.2816611295681063,0.58,29,146.17241379310346
EIR,1,78,0.32664451827242524,0.6,30,163.86666666666667
EIR,1,79,0.39209302325581397,0.7,35,168.6
EIR,1,80,0.3401328903654485,0.54,27,189.59259259259258
EIR,1,81,0.3145514950166113,0.56,28,169.07142857142858
EIR,1,82,0.327375415282392,0.68,34,144.91176470588235
EIR,1,83,0.387109634551495,0.62,31,187.93548387096774
EIR,1,84,0.3825249169435216,0.66,33,174.45454545454547
EIR,1,85,0.2687707641196013,0.56,28,144.46428571428572
EIR,1,86,0.4015282392026578,0.68,34,177.73529411764707
EIR,1,87,0.3445182724252492,0.76,38,136.44736842105263
EIR,1,88,0.37249169435215945,0.68,34,164.88235294117646
EIR,1,89,0.30132890365448506,0.7,35,129.57142857142858
EIR,1,90,0.3386046511627907,0.52,26,196.0
EIR,1,91,0.38425249169435216,0.72,36,160.63888888888889
EIR,1,92,0.30411960132890364,0.42,21,217.95238095238096
EIR,1,93,0.3513621262458472,0.64,32,165.25
EIR,1,94,0.3366777408637874,0.62,31,163.4516129032258
EIR,1,95,0.40863787375415284,0.56,28,219.64285714285714
EIR,1,96,0.41242524916943524,0.76,38,163.3421052631579
EIR,1,97,0.35401993355481726,0.68,34,156.7058823529412
EIR,1,98,0.2530897009966777,0.52,26,146.5
EIR,1,99,0.27754152823920264,0.52,26,160.65384615384616
