strategy,state_h1,detected,pre_onset_alarm,detection_time,first_alarm_time,transmissions,max_gateway_evidence
RR,0,0,0,inf,inf,0,0.0
RR,0,0,0,inf,inf,2,13.278377142831408
RR,0,0,0,inf,inf,0,0.0
RR,0,0,0,inf,inf,0,0.0
RR,0,0,0,inf,7.0,2,23.81315510252386
RR,0,0,0,inf,inf,1,3.538639038710399
RR,0,0,0,inf,inf,0,0.0
RR,0,0,0,inf,inf,0,0.0
RR,0,0,0,inf,inf,0,0.0
RR,0,0,0,inf,11.0,1,19.905397432334293
RR,0,0,0,inf,inf,0,0.0
RR,0,0,0,inf,inf,0,0.0
RR,0,0,0,inf,inf,0,0.0
RR,0,0,0,inf,inf,0,0.0
RR,0,0,0,inf,inf,0,0.0
RR,0,0,0,inf,inf,0,0.0
RR,0,0,0,inf,inf,0,0.0
RR,0,0,0,inf,7.0,1,23.747497880130634
RR,0,0,0,inf,inf,1,7.87042133838888
RR,0,0,0,inf,inf,0,0.0
RR,0,0,0,inf,inf,0,0.0
RR,0,0,0,inf,inf,0,0.0
RR,0,0,0,inf,inf,0,0.0
RR,0,0,0,inf,inf,1,2.864077617963975
RR,0,0,0,inf,inf,1,2.991272025987005
RR,0,0,0,inf,11.0,2,19.836949424814637
RR,0,0,0,inf,inf,0,0.0
RR,0,0,0,inf,inf,0,0.0
RR,0,0,0,inf,inf,0,0.0
RR,0,0,0,inf,inf,0,0.0
RR,0,0,0,inf,inf,0,0.0
RR,0,0,0,inf,inf,0,0.0
RR,0,0,0,inf,inf,1,4.7985651401090825
RR,0,0,0,inf,inf,1,4.559909655531578
RR,0,0,0,inf,inf,1,10.107903231123702
RR,0,0,0,inf,inf,0,0.0
RR,0,0,0,inf,8.0,1,22.369602702586135
RR,0,0,0,inf,6.0,1,24.328239334941536
RR,0,0,0,inf,inf,0,0.0
RR,0,0,0,inf,inf,0,0.0
RR,0,0,0,inf,inf,0,0.0
RR,0,0,0,inf,inf,0,0.0
RR,0,0,0,inf,inf,1,3.0916958076156518
RR,0,0,0,inf,inf,0,0.0
RR,0,0,0,inf,inf,0,0.0
RR,0,0,0,inf,inf,0,0.0
RR,0,0,0,inf,inf,0,0.0
RR,0,0,0,inf,inf,0,0.0
RR,0,0,0,inf,inf,0,0.0
RR,0,0,0,inf,inf,1,4.750534626656817
RR,0,0,0,inf,inf,0,0.0
RR,0,0,0,inf,inf,0,0.0
RR,0,0,0,inf,14.0,1,17.223291299178697
RR,0,0,0,inf,inf,0,0.0
RR,0,0,0,inf,inf,0,0.0
RR,0,0,0,inf,inf,0,0.0
RR,0,0,0,inf,inf,0,0.0
RR,0,0,0,inf,inf,0,0.0
RR,0,0,0,inf,inf,0,0.0
RR,0,0,0,inf,inf,0,0.0
RR,0,0,0,inf,inf,0,0.0
RR,0,0,0,inf,inf,0,0.0
RR,0,0,0,inf,inf,0,0.0
RR,0,0,0,inf,inf,1,15.503567427791662
RR,0,0,0,inf,inf,0,0.0
RR,0,0,0,inf,inf,0,0.0
RR,0,0,0,inf,inf,0,0.0
RR,0,0,0,inf,inf,0,0.0
RR,0,0,0,inf,inf,0,0.0
RR,0,0,0,inf,inf,0,0.0
RR,0,0,0,inf,inf,0,0.0
RR,0,0,0,inf,inf,0,0.0
RR,0,0,0,inf,inf,2,5.865566207551185
RR,0,0,0,inf,inf,0,0.0
RR,0,0,0,inf,inf,1,2.4338862652730207
RR,0,0,0,inf,6.0,1,24.218761553095675
RR,0,0,0,inf,inf,0,0.0
RR,0,0,0,inf,inf,0,0.0
RR,0,0,0,inf,inf,0,0.0
RR,0,0,0,inf,5.0,1,25.27656619426419
RR,0,0,0,inf,inf,0,0.0
RR,0,0,0,inf,inf,0,0.0
RR,0,0,0,inf,inf,0,0.0
RR,0,0,0,inf,inf,0,0.0
RR,0,0,0,inf,inf,1,15.586836764560239
RR,0,0,0,inf,11.0,1,20.233291018109036
RR,0,0,0,inf,inf,1,5.772269049888902
RR,0,0,0,inf,inf,1,10.168725980230532
RR,0,0,0,inf,inf,0,0.0
RR,0,0,0,inf,inf,0,0.0
RR,0,0,0,inf,inf,0,0.0
RR,0,0,0,inf,inf,0,0.0
RR,0,0,0,inf,inf,0,0.0
RR,0,0,0,inf,inf,0,0.0
RR,0,0,0,inf,inf,0,0.0
RR,0,0,0,inf,inf,0,0.0
RR,0,0,0,inf,inf,0,0.0
RR,0,0,0,inf,inf,1,12.63273667106764
RR,0,0,0,inf,inf,1,2.580322349140857
RR,0,0,0,inf,inf,1,8.157315648720171
RR,0,0,0,inf,6.0,1,24.163495465941093
RR,0,0,0,inf,inf,0,0.0
RR,0,0,0,inf,inf,0,0.0
RR,0,0,0,inf,inf,0,0.0
RR,0,0,0,inf,4.0,1,27.03601736587283
RR,0,0,0,inf,inf,0,0.0
RR,0,0,0,inf,inf,0,0.0
RR,0,0,0,inf,inf,0,0.0
RR,0,0,0,inf,inf,0,0.0
RR,0,0,0,inf,inf,0,0.0
RR,0,0,0,inf,inf,0,0.0
RR,0,0,0,inf,inf,0,0.0
RR,0,0,0,inf,inf,0,0.0
RR,0,0,0,inf,inf,0,0.0
RR,0,0,0,inf,inf,0,0.0
RR,0,0,0,inf,inf,0,0.0
RR,0,0,0,inf,inf,2,8.48034385575761
RR,0,0,0,inf,inf,0,0.0
RR,0,0,0,inf,inf,0,0.0
RR,0,0,0,inf,inf,0,0.0
RR,0,0,0,inf,inf,0,0.0
RR,0,0,0,inf,inf,0,0.0
RR,0,0,0,inf,inf,0,0.0
RR,0,0,0,inf,inf,1,3.3610523979632645
RR,0,0,0,inf,inf,0,0.0
RR,0,0,0,inf,4.0,2,26.755774840162694
RR,0,0,0,inf,inf,0,0.0
RR,0,0,0,inf,inf,1,16.592645801184464
RR,0,0,0,inf,inf,1,4.481899512517126
RR,0,0,0,inf,inf,0,0.0
RR,0,0,0,inf,inf,0,0.0
RR,0,0,0,inf,inf,0,0.0
RR,0,0,0,inf,inf,0,0.0
RR,0,0,0,inf,inf,0,0.0
RR,0,0,0,inf,inf,0,0.0
RR,0,0,0,inf,inf,0,0.0
RR,0,0,0,inf,inf,0,0.0
RR,0,0,0,inf,inf,0,0.0
RR,0,0,0,inf,inf,1,13.49779108172651
RR,0,0,0,inf,inf,0,0.0
RR,0,0,0,inf,inf,1,10.916991852398622
RR,0,0,0,inf,inf,0,0.0
RR,0,0,0,inf,inf,0,0.0
RR,0,0,0,inf,inf,0,0.0
RR,0,0,0,inf,inf,0,0.0
RR,0,0,0,inf,inf,0,0.0
RR,0,0,0,inf,inf,1,3.465553351513947
RR,0,0,0,inf,inf,0,0.0
RR,0,0,0,inf,10.0,1,21.205104955748162
RR,0,0,0,inf,inf,0,0.0
RR,0,0,0,inf,inf,0,0.0
RR,0,0,0,inf,inf,0,0.0
RR,0,0,0,inf,inf,0,0.0
RR,0,0,0,inf,inf,2,17.122651204707704
RR,0,0,0,inf,inf,2,6.703687070963812
RR,0,0,0,inf,inf,2,15.171105171075917
RR,0,0,0,inf,inf,0,0.0
RR,0,0,0,inf,inf,1,5.692343304189779
RR,0,0,0,inf,inf,0,0.0
RR,0,0,0,inf,inf,0,0.0
RR,0,0,0,inf,inf,2,7.932835666953985
RR,0,0,0,inf,inf,0,0.0
RR,0,0,0,inf,inf,0,0.0
RR,0,0,0,inf,inf,1,12.392900761895186
RR,0,0,0,inf,inf,0,0.0
RR,0,0,0,inf,inf,0,0.0
RR,0,0,0,inf,inf,1,5.575328554490108
RR,0,0,0,inf,inf,2,5.1733513630825305
RR,0,0,0,inf,inf,0,0.0
RR,0,0,0,inf,inf,1,14.97804644778904
RR,0,0,0,inf,inf,1,4.724958691647322
RR,0,0,0,inf,inf,1,9.954413788808463
RR,0,0,0,inf,inf,0,0.0
RR,0,0,0,inf,inf,0,0.0
RR,0,0,0,inf,inf,0,0.0
RR,0,0,0,inf,inf,0,0.0
RR,0,0,0,inf,inf,0,0.0
RR,0,0,0,inf,inf,0,0.0
RR,0,0,0,inf,inf,0,0.0
RR,0,0,0,inf,inf,0,0.0
RR,0,0,0,inf,inf,1,7.787789858901722
RR,0,0,0,inf,inf,0,0.0
RR,0,0,0,inf,inf,0,0.0
RR,0,0,0,inf,8.0,1,22.12814849395236
RR,0,0,0,inf,inf,0,0.0
RR,0,0,0,inf,inf,0,0.0
RR,0,0,0,inf,inf,1,3.887193305247882
RR,0,0,0,inf,inf,0,0.0
RR,0,0,0,inf,inf,0,0.0
RR,0,0,0,inf,inf,0,0.0
RR,0,0,0,inf,inf,0,0.0
RR,0,0,0,inf,inf,0,0.0
RR,0,0,0,inf,inf,0,0.0
RR,0,0,0,inf,inf,0,0.0
RR,0,0,0,inf,inf,0,0.0
RR,0,0,0,inf,inf,0,0.0
RR,0,0,0,inf,inf,0,0.0
RR,0,0,0,inf,inf,0,0.0
RR,0,0,0,inf,inf,0,0.0
RR,0,0,0,inf,inf,0,0.0
RR,0,0,0,inf,inf,0,0.0
RR,0,0,0,inf,inf,0,0.0
RR,0,0,0,inf,12.0,1,19.20308899603038
RR,0,0,0,inf,inf,0,0.0
RR,0,0,0,inf,inf,0,0.0
RR,0,0,0,inf,inf,0,0.0
RR,0,0,0,inf,inf,1,11.422543612312433
RR,0,0,0,inf,inf,1,11.489371094927876
RR,0,0,0,inf,inf,0,0.0
RR,0,0,0,inf,inf,0,0.0
RR,0,0,0,inf,10.0,1,20.683140311516503
RR,0,0,0,inf,inf,0,0.0
RR,0,0,0,inf,13.0,1,18.148682622109007
RR,0,0,0,inf,inf,0,0.0
RR,0,0,0,inf,inf,1,14.464904427566815
RR,0,0,0,inf,inf,1,8.43762110826003
RR,0,0,0,inf,inf,0,0.0
RR,0,0,0,inf,inf,1,7.020464090498896
RR,0,0,0,inf,inf,0,0.0
RR,0,0,0,inf,inf,0,0.0
RR,0,0,0,inf,inf,0,0.0
RR,0,0,0,inf,inf,0,0.0
RR,0,0,0,inf,inf,1,13.453309852831625
RR,0,0,0,inf,inf,1,3.49284433980066
RR,0,0,0,inf,inf,0,0.0
RR,0,0,0,inf,inf,0,0.0
RR,0,0,0,inf,8.0,1,22.41924408129222
RR,0,0,0,inf,inf,0,0.0
RR,0,0,0,inf,inf,0,0.0
RR,0,0,0,inf,inf,1,13.659882889154295
RR,0,0,0,inf,inf,0,0.0
RR,0,0,0,inf,inf,0,0.0
RR,0,0,0,inf,inf,0,0.0
RR,0,0,0,inf,inf,0,0.0
RR,0,0,0,inf,inf,0,0.0
RR,0,0,0,inf,inf,0,0.0
RR,0,0,0,inf,inf,0,0.0
RR,0,0,0,inf,inf,0,0.0
RR,0,0,0,inf,inf,0,0.0
RR,0,0,0,inf,inf,0,0.0
RR,0,0,0,inf,inf,0,0.0
RR,0,0,0,inf,inf,1,10.321841633121911
RR,0,0,0,inf,inf,0,0.0
RR,0,0,0,inf,inf,0,0.0
RR,0,0,0,inf,inf,0,0.0
RR,0,0,0,inf,inf,1,4.362184240962112
RR,0,0,0,inf,inf,0,0.0
RR,0,0,0,inf,inf,1,14.250138545953183
RR,0,0,0,inf,inf,0,0.0
RR,0,0,0,inf,12.0,1,19.38359985987656
RR,1,0,0,inf,inf,42,11.814982594188333
RR,1,0,0,inf,inf,54,11.580455930847315
RR,1,0,0,inf,inf,33,8.001373182558753
RR,1,0,0,inf,inf,47,9.319440200849403
RR,1,0,0,inf,inf,37,11.694156361487243
RR,1,0,0,inf,inf,45,9.830228340080193
RR,1,0,0,inf,inf,23,6.767543563574692
RR,1,0,0,inf,inf,24,7.763650287157676
RR,1,1,0,146.0,146.0,45,19.650756641400307
RR,1,0,0,inf,inf,60,11.229734640766317
RR,1,0,0,inf,inf,62,13.903094067533614
RR,1,0,0,inf,inf,33,11.228903421950065
RR,1,0,0,inf,inf,13,4.58049259618471
RR,1,0,0,inf,inf,48,9.415700353465294
RR,1,1,0,143.0,143.0,23,18.08685583134301
RR,1,0,0,inf,inf,75,11.624313971593999
RR,1,0,0,inf,inf,22,13.504717640662982
RR,1,0,0,inf,inf,31,6.837163066596983
RR,1,0,0,inf,inf,80,12.64852273904451
RR,1,0,0,inf,inf,42,12.13237171178745
RR,1,0,0,inf,inf,42,15.592524554196793
RR,1,0,0,inf,inf,46,11.715937555922553
RR,1,1,0,99.0,99.0,22,29.097383882734473
RR,1,0,0,inf,inf,60,15.407005061549203
RR,1,0,1,inf,14.0,69,17.663890984020686
RR,1,0,0,inf,inf,38,10.541641364217865
RR,1,0,0,inf,inf,92,16.027412434531545
RR,1,0,0,inf,inf,48,11.103849983738593
RR,1,0,0,inf,inf,52,8.319726842640833
RR,1,0,1,inf,6.0,36,24.85858066760069
RR,1,1,0,201.0,201.0,58,18.076909708889538
RR,1,0,0,inf,inf,33,8.896569228053467
RR,1,0,0,inf,inf,57,15.027585087074943
RR,1,0,0,inf,inf,32,11.036813898967997
RR,1,0,0,inf,inf,48,14.98342000908217
RR,1,0,0,inf,inf,19,7.7088747677442075
RR,1,0,0,inf,inf,36,12.834093507753956
RR,1,0,1,inf,13.0,22,18.418719516274788
RR,1,0,0,inf,inf,97,15.682990199889819
RR,1,0,0,inf,inf,82,13.096457185687674
RR,1,0,0,inf,inf,30,7.833604189560578
RR,1,0,0,inf,inf,11,16.366471680426887
RR,1,0,0,inf,inf,69,14.697570963187061
RR,1,0,0,inf,inf,65,12.645567976347927
RR,1,0,0,inf,inf,67,13.92746973322645
RR,1,0,0,inf,inf,73,14.249058255426448
RR,1,0,0,inf,inf,90,15.083704755696763
RR,1,0,0,inf,inf,33,8.06648854205903
RR,1,1,0,251.0,251.0,90,20.462034124451716
RR,1,0,0,inf,inf,67,16.366920992433048
RR,1,0,0,inf,inf,66,13.926078303736055
RR,1,0,0,inf,inf,51,11.826752049032457
RR,1,0,0,inf,inf,77,15.692402548185878
RR,1,0,1,inf,14.0,42,17.551804819766794
RR,1,0,0,inf,inf,32,10.334694755042204
RR,1,0,0,inf,inf,41,11.684503933237629
RR,1,0,0,inf,inf,10,5.777413690002406
RR,1,0,0,inf,inf,51,12.969530147285528
RR,1,0,0,inf,inf,74,14.891553705893795
RR,1,0,1,inf,7.0,74,22.882187557120176
RR,1,0,0,inf,inf,45,8.473509693685639
RR,1,0,0,inf,inf,45,8.200643506312279
RR,1,0,0,inf,inf,83,15.7683806536
RR,1,0,0,inf,inf,45,11.154493891077454
RR,1,1,0,117.0,117.0,29,19.508905182315473
RR,1,0,0,inf,inf,55,14.042495480242387
RR,1,0,0,inf,inf,32,11.837028531110725
RR,1,0,0,inf,inf,36,8.617355869362516
RR,1,0,0,inf,inf,58,12.171154591136986
RR,1,0,0,inf,inf,68,12.147124506414617
RR,1,0,0,inf,inf,46,9.652095190298152
RR,1,0,0,inf,inf,53,11.53567072575289
RR,1,0,0,inf,inf,33,11.083009509302176
RR,1,0,0,inf,inf,84,13.76608992607836
RR,1,0,0,inf,inf,28,9.578330487551195
RR,1,0,0,inf,inf,60,12.169858453069212
RR,1,0,0,inf,inf,6,6.751331371024312
RR,1,0,0,inf,inf,86,16.970952588090046
RR,1,0,0,inf,inf,54,11.63821430659184
RR,1,0,0,inf,inf,67,14.629991832627068
RR,1,0,0,inf,inf,54,9.582197478141278
RR,1,0,0,inf,inf,31,11.214030814587883
RR,1,0,0,inf,inf,37,10.392106140318624
RR,1,0,0,inf,inf,68,15.902483222355198
RR,1,1,0,114.0,114.0,22,24.467787581035928
RR,1,0,0,inf,inf,62,12.986382543227544
RR,1,0,0,inf,inf,68,13.450648005990763
RR,1,0,0,inf,inf,68,12.350471871508034
RR,1,0,0,inf,inf,59,12.450392246469077
RR,1,0,0,inf,inf,57,12.561255830940883
RR,1,0,0,inf,inf,57,11.759934257320058
RR,1,0,0,inf,inf,26,12.081428353135404
RR,1,0,0,inf,inf,64,11.06703035298525
RR,1,0,0,inf,inf,67,14.273461492282026
RR,1,0,0,inf,inf,18,4.869812804167019
RR,1,0,1,inf,12.0,75,19.446567815000243
RR,1,0,1,inf,6.0,54,23.933075931440488
RR,1,0,0,inf,inf,14,8.704773801023912
RR,1,1,1,164.0,9.0,48,21.506505096760865
RR,1,1,0,197.0,197.0,72,18.782890934267893
RR,1,0,0,inf,inf,58,14.230367894677237
RR,1,0,0,inf,inf,64,14.995624112445418
RR,1,0,0,inf,inf,58,16.93682385239111
RR,1,0,0,inf,inf,49,11.799493876165865
RR,1,0,0,inf,inf,41,15.39734459713985
RR,1,0,0,inf,inf,45,11.81141758624883
RR,1,1,0,163.0,163.0,58,20.92178715704242
RR,1,0,0,inf,inf,69,12.171172277951179
RR,1,0,0,inf,inf,16,17.046611558863678
RR,1,0,0,inf,inf,16,8.816303056270705
RR,1,0,0,inf,inf,64,11.685055267409115
RR,1,0,0,inf,inf,15,5.9715668895728555
RR,1,0,0,inf,inf,50,11.311689671934623
RR,1,0,0,inf,inf,57,11.87645094396201
RR,1,1,0,120.0,120.0,26,22.130543137538
RR,1,0,0,inf,inf,39,8.92222788010111
RR,1,0,0,inf,inf,56,11.833229224981384
RR,1,0,0,inf,inf,50,9.727889690922355
RR,1,0,0,inf,inf,35,9.249386505758048
RR,1,0,0,inf,inf,16,6.256240831673926
RR,1,0,0,inf,inf,56,11.814253686988666
RR,1,0,0,inf,inf,56,11.600094362842679
RR,1,0,0,inf,inf,21,7.4179213074603405
RR,1,0,0,inf,inf,46,8.387645697801359
RR,1,0,0,inf,inf,33,9.651603556807345
RR,1,0,0,inf,inf,76,14.505166954841723
RR,1,0,0,inf,inf,37,10.30978830089741
RR,1,0,0,inf,inf,78,13.262643636142958
RR,1,0,0,inf,inf,73,13.03620480203076
RR,1,0,0,inf,inf,55,13.440008397951768
RR,1,1,0,191.0,191.0,64,18.59422681346032
RR,1,0,0,inf,inf,31,8.72856690422324
RR,1,0,0,inf,inf,87,15.71151970822774
RR,1,0,0,inf,inf,67,13.519368016895767
RR,1,1,0,146.0,146.0,19,18.842187055713573
RR,1,1,0,146.0,146.0,24,17.504893037594638
RR,1,0,0,inf,inf,25,7.713969058071882
RR,1,0,1,inf,13.0,67,17.728388907296754
RR,1,0,0,inf,inf,50,11.930660021710768
RR,1,0,0,inf,inf,67,13.193014415960757
RR,1,0,0,inf,inf,11,8.077305228209738
RR,1,0,0,inf,inf,54,14.223930023095779
RR,1,0,0,inf,inf,39,8.735815049827874
RR,1,0,0,inf,inf,80,15.11107915820034
RR,1,0,0,inf,inf,45,9.657674922901537
RR,1,0,0,inf,inf,58,11.620213589556442
RR,1,0,0,inf,inf,51,12.96211527629507
RR,1,0,0,inf,inf,83,15.633885653734009
RR,1,0,0,inf,inf,26,8.383200692722108
RR,1,0,0,inf,inf,45,9.267669323060476
RR,1,0,0,inf,inf,51,12.050237025738104
RR,1,0,0,inf,inf,20,7.987140257600178
RR,1,0,0,inf,inf,64,12.202628928243119
RR,1,0,1,inf,14.0,37,17.145568291172896
RR,1,0,0,inf,inf,27,8.32751072657131
RR,1,0,0,inf,inf,54,8.837574744812631
RR,1,0,0,inf,inf,31,7.872051753929406
RR,1,0,0,inf,inf,78,16.279255684836368
RR,1,0,0,inf,inf,30,11.389263892325348
RR,1,1,0,193.0,193.0,61,17.8893194321006
RR,1,0,0,inf,inf,51,10.554136606665248
RR,1,0,0,inf,inf,63,14.159598858985802
RR,1,0,1,inf,10.0,35,20.8984549593363
RR,1,0,0,inf,inf,60,12.852573243774653
RR,1,0,0,inf,inf,62,11.331215248376962
RR,1,0,0,inf,inf,80,13.366142598006615
RR,1,0,0,inf,inf,59,12.700860340962834
RR,1,0,0,inf,inf,60,13.594789955581799
RR,1,0,0,inf,inf,63,14.111307967302956
RR,1,0,0,inf,inf,84,15.0029596563012
RR,1,0,1,inf,10.0,10,21.014435959170193
RR,1,0,0,inf,inf,79,13.077685536934624
RR,1,0,0,inf,inf,36,7.399961543291147
RR,1,0,0,inf,inf,83,15.296117210093662
RR,1,0,0,inf,inf,51,10.17942130978959
RR,1,0,0,inf,inf,52,10.736820917376022
RR,1,0,0,inf,inf,54,11.263225179008808
RR,1,0,0,inf,inf,66,15.268561067055721
RR,1,0,0,inf,inf,34,7.744394448600037
RR,1,0,0,inf,inf,43,9.2069216587368
RR,1,0,0,inf,inf,65,12.628584357424213
RR,1,0,0,inf,inf,71,13.408664067931722
RR,1,0,0,inf,inf,51,15.10787077546421
RR,1,0,0,inf,inf,72,12.910045397131103
RR,1,0,0,inf,inf,71,15.639769442472202
RR,1,0,1,inf,4.0,49,26.736071926241518
RR,1,0,0,inf,inf,48,10.002701465436923
RR,1,0,0,inf,inf,86,16.91672886591385
RR,1,1,0,94.0,94.0,23,19.27129814959256
RR,1,1,0,201.0,201.0,47,18.769362409646693
RR,1,1,0,153.0,153.0,25,17.71061324837535
RR,1,1,0,177.0,177.0,40,20.161298851057566
RR,1,0,1,inf,11.0,83,20.118069303480606
RR,1,0,0,inf,inf,40,8.812931881441898
RR,1,0,1,inf,10.0,66,20.795704739424274
RR,1,0,0,inf,inf,52,11.961960863736966
RR,1,0,0,inf,inf,33,7.830042633278978
RR,1,0,0,inf,inf,38,9.095678249051607
RR,1,0,0,inf,inf,20,7.0523764113651755
RR,1,0,0,inf,inf,58,11.573083494027275
RR,1,0,0,inf,inf,77,15.798574355548443
RR,1,0,0,inf,inf,58,15.248573988382631
RR,1,0,0,inf,inf,72,11.4547946008381
RR,1,0,0,inf,inf,83,16.66268880601403
RR,1,0,0,inf,inf,29,8.687457790730686
RR,1,0,0,inf,inf,51,13.76904536248274
RR,1,0,0,inf,inf,54,10.967740855815844
RR,1,0,0,inf,inf,74,13.613078845172325
RR,1,0,0,inf,inf,76,13.44912324902788
RR,1,0,0,inf,inf,83,13.44068112042848
RR,1,0,0,inf,inf,41,11.836158853374101
RR,1,0,0,inf,inf,46,14.433471188994869
RR,1,0,0,inf,inf,39,10.665230833236306
RR,1,0,0,inf,inf,80,15.415914429466621
RR,1,0,0,inf,inf,57,12.492249708299257
RR,1,0,0,inf,inf,65,12.241905404852
RR,1,0,0,inf,inf,50,14.171499035354584
RR,1,0,0,inf,inf,50,11.436241201419957
RR,1,0,0,inf,inf,86,16.307350699242665
RR,1,0,0,inf,inf,69,13.586445751996951
RR,1,0,0,inf,inf,63,13.170649804315397
RR,1,0,0,inf,inf,56,14.49974001214034
RR,1,1,0,156.0,156.0,37,19.80999382128914
RR,1,0,0,inf,inf,21,8.080329413905433
RR,1,0,0,inf,inf,60,10.847008255271495
RR,1,0,0,inf,inf,20,6.606653389406815
RR,1,0,1,inf,5.0,44,25.616989806003748
RR,1,0,0,inf,inf,82,12.889544018503873
RR,1,0,0,inf,inf,101,16.662326455737237
RR,1,0,0,inf,inf,38,12.61020816117276
RR,1,0,0,inf,inf,23,7.17184246412908
RR,1,0,0,inf,inf,24,7.165917806113949
RR,1,0,0,inf,inf,53,13.578012971852537
RR,1,0,0,inf,inf,59,13.639770977502947
RR,1,0,0,inf,inf,62,12.528352841404537
RR,1,0,0,inf,inf,75,16.417030864187126
RR,1,0,0,inf,inf,34,9.455249899958925
RR,1,0,0,inf,inf,38,8.255760893678126
RR,1,0,0,inf,inf,38,7.364796919923139
RR,1,0,0,inf,inf,39,11.984887874512774
RR,1,0,0,inf,inf,74,15.654489462969233
RR,1,0,0,inf,inf,61,13.149626585677222
RR,1,1,0,296.0,296.0,100,17.240417101884827
RR,1,0,0,inf,inf,28,10.228019895515702
RR,1,0,0,inf,inf,41,8.50545427184391
RR,1,0,0,inf,inf,71,14.475860945634448
RR,1,0,0,inf,inf,67,16.36277740124202
RR,1,0,0,inf,inf,71,14.348783340827548
RR,1,0,0,inf,inf,59,13.78311183582591
RR,1,0,0,inf,inf,35,9.221309126132635
TR,0,0,0,inf,inf,0,0.0
TR,0,0,0,inf,inf,0,0.0
TR,0,0,0,inf,8.0,2,23.55003125871868
TR,0,0,0,inf,inf,1,2.4506834894052596
TR,0,0,0,inf,inf,0,0.0
TR,0,0,0,inf,inf,1,4.372631793275863
TR,0,0,0,inf,inf,0,0.0
TR,0,0,0,inf,inf,0,0.0
TR,0,0,0,inf,inf,1,5.0412636875931875
TR,0,0,0,inf,inf,0,0.0
TR,0,0,0,inf,inf,1,4.023924676386484
TR,0,0,0,inf,inf,0,0.0
TR,0,0,0,inf,inf,1,4.446167944486115
TR,0,0,0,inf,inf,0,0.0
TR,0,0,0,inf,inf,0,0.0
TR,0,0,0,inf,inf,0,0.0
TR,0,0,0,inf,inf,0,0.0
TR,0,0,0,inf,inf,1,5.273235475065012
TR,0,0,0,inf,inf,0,0.0
TR,0,0,0,inf,inf,0,0.0
TR,0,0,0,inf,inf,0,0.0
TR,0,0,0,inf,inf,1,5.871837780265569
TR,0,0,0,inf,inf,0,0.0
TR,0,0,0,inf,inf,1,2.5573917308430625
TR,0,0,0,inf,inf,0,0.0
TR,0,0,0,inf,inf,0,0.0
TR,0,0,0,inf,inf,0,0.0
TR,0,0,0,inf,inf,0,0.0
TR,0,0,0,inf,6.0,2,25.659223505849543
TR,0,0,0,inf,inf,1,3.344761007210042
TR,0,0,0,inf,inf,2,7.780903659909548
TR,0,0,0,inf,inf,0,0.0
TR,0,0,0,inf,inf,0,0.0
TR,0,0,0,inf,inf,0,0.0
TR,0,0,0,inf,inf,0,0.0
TR,0,0,0,inf,inf,1,6.164580115836615
TR,0,0,0,inf,inf,0,0.0
TR,0,0,0,inf,inf,0,0.0
TR,0,0,0,inf,inf,0,0.0
TR,0,0,0,inf,inf,1,13.757454060855205
TR,0,0,0,inf,inf,1,4.290731157330102
TR,0,0,0,inf,inf,2,13.548672578435134
TR,0,0,0,inf,inf,0,0.0
TR,0,0,0,inf,inf,1,3.7472994211231465
TR,0,0,0,inf,inf,0,0.0
TR,0,0,0,inf,inf,0,0.0
TR,0,0,0,inf,inf,0,0.0
TR,0,0,0,inf,inf,0,0.0
TR,0,0,0,inf,inf,1,11.130579826154028
TR,0,0,0,inf,inf,0,0.0
TR,0,0,0,inf,inf,0,0.0
TR,0,0,0,inf,inf,0,0.0
TR,0,0,0,inf,inf,2,3.0534697427717004
TR,0,0,0,inf,inf,3,8.42258778478242
TR,0,0,0,inf,inf,0,0.0
TR,0,0,0,inf,inf,1,7.156240053813049
TR,0,0,0,inf,inf,0,0.0
TR,0,0,0,inf,inf,0,0.0
TR,0,0,0,inf,inf,2,8.851699279019591
TR,0,0,0,inf,8.0,1,23.442362679686987
TR,0,0,0,inf,inf,0,0.0
TR,0,0,0,inf,inf,0,0.0
TR,0,0,0,inf,inf,2,10.259964694419901
TR,0,0,0,inf,inf,0,0.0
TR,0,0,0,inf,inf,1,6.240819935142926
TR,0,0,0,inf,inf,0,0.0
TR,0,0,0,inf,inf,0,0.0
TR,0,0,0,inf,inf,0,0.0
TR,0,0,0,inf,inf,1,4.448723203475625
TR,0,0,0,inf,inf,0,0.0
TR,0,0,0,inf,inf,0,0.0
TR,0,0,0,inf,inf,0,0.0
TR,0,0,0,inf,inf,0,0.0
TR,0,0,0,inf,inf,0,0.0
TR,0,0,0,inf,inf,0,0.0
TR,0,0,0,inf,inf,1,2.3927824906722828
TR,0,0,0,inf,inf,0,0.0
TR,0,0,0,inf,inf,0,0.0
TR,0,0,0,inf,inf,0,0.0
TR,0,0,0,inf,inf,0,0.0
TR,0,0,0,inf,inf,2,21.80317150151798
TR,0,0,0,inf,inf,2,12.351910467477122
TR,0,0,0,inf,inf,1,7.415259000052077
TR,0,0,0,inf,inf,0,0.0
TR,0,0,0,inf,inf,0,0.0
TR,0,0,0,inf,inf,0,0.0
TR,0,0,0,inf,inf,0,0.0
TR,0,0,0,inf,12.0,3,23.47647540802423
TR,0,0,0,inf,inf,1,3.0155061298453245
TR,0,0,0,inf,inf,0,0.0
TR,0,0,0,inf,inf,1,14.9325351334961
TR,0,0,0,inf,inf,0,0.0
TR,0,0,0,inf,inf,1,4.782606625099812
TR,0,0,0,inf,inf,1,15.360813648583484
TR,0,0,0,inf,inf,2,6.568744430572611
TR,0,0,0,inf,inf,0,0.0
TR,0,0,0,inf,inf,0,0.0
TR,0,0,0,inf,inf,1,3.9533143017277395
TR,0,0,0,inf,inf,1,14.382434099217136
TR,0,0,0,inf,inf,0,0.0
TR,0,0,0,inf,inf,0,0.0
TR,0,0,0,inf,inf,0,0.0
TR,0,0,0,inf,inf,2,23.15506040950359
TR,0,0,0,inf,6.0,1,26.361227120927932
TR,0,0,0,inf,inf,0,0.0
TR,0,0,0,inf,inf,1,13.437834505762467
TR,0,0,0,inf,6.0,2,25.380419527827044
TR,0,0,0,inf,inf,0,0.0
TR,0,0,0,inf,inf,1,2.6196502737901275
TR,0,0,0,inf,inf,0,0.0
TR,0,0,0,inf,inf,1,3.7414288756305227
TR,0,0,0,inf,inf,0,0.0
TR,0,0,0,inf,inf,1,3.609096419185412
TR,0,0,0,inf,inf,0,0.0
TR,0,0,0,inf,inf,0,0.0
TR,0,0,0,inf,inf,0,0.0
TR,0,0,0,inf,inf,0,0.0
TR,0,0,0,inf,inf,1,17.441038599435416
TR,0,0,0,inf,inf,1,5.5563590960851394
TR,0,0,0,inf,inf,0,0.0
TR,0,0,0,inf,inf,1,5.686498440347469
TR,0,0,0,inf,inf,0,0.0
TR,0,0,0,inf,inf,0,0.0
TR,0,0,0,inf,inf,0,0.0
TR,0,0,0,inf,inf,1,9.306220431208022
TR,0,0,0,inf,inf,0,0.0
TR,0,0,0,inf,inf,0,0.0
TR,0,0,0,inf,inf,1,12.682000103468868
TR,0,0,0,inf,inf,1,4.861784158229533
TR,0,0,0,inf,inf,1,4.853608885588895
TR,0,0,0,inf,inf,1,15.859578362894487
TR,0,0,0,inf,inf,1,14.51585725034578
TR,0,0,0,inf,inf,0,0.0
TR,0,0,0,inf,inf,0,0.0
TR,0,0,0,inf,inf,0,0.0
TR,0,0,0,inf,inf,0,0.0
TR,0,0,0,inf,inf,0,0.0
TR,0,0,0,inf,inf,1,11.660668690338111
TR,0,0,0,inf,inf,0,0.0
TR,0,0,0,inf,inf,0,0.0
TR,0,0,0,inf,inf,2,3.3213547620239408
TR,0,0,0,inf,inf,0,0.0
TR,0,0,0,inf,inf,1,7.405577270791127
TR,0,0,0,inf,inf,0,0.0
TR,0,0,0,inf,inf,0,0.0
TR,0,0,0,inf,inf,0,0.0
TR,0,0,0,inf,inf,1,18.640142812671378
TR,0,0,0,inf,inf,0,0.0
TR,0,0,0,inf,inf,2,12.63053952900908
TR,0,0,0,inf,inf,0,0.0
TR,0,0,0,inf,inf,1,2.2290098592114638
TR,0,0,0,inf,inf,0,0.0
TR,0,0,0,inf,inf,0,0.0
TR,0,0,0,inf,inf,0,0.0
TR,0,0,0,inf,inf,0,0.0
TR,0,0,0,inf,inf,0,0.0
TR,0,0,0,inf,inf,0,0.0
TR,0,0,0,inf,inf,0,0.0
TR,0,0,0,inf,inf,1,19.93522817676916
TR,0,0,0,inf,inf,0,0.0
TR,0,0,0,inf,inf,0,0.0
TR,0,0,0,inf,inf,0,0.0
TR,0,0,0,inf,inf,3,21.473497348320873
TR,0,0,0,inf,inf,0,0.0
TR,0,0,0,inf,inf,0,0.0
TR,0,0,0,inf,inf,0,0.0
TR,0,0,0,inf,inf,0,0.0
TR,0,0,0,inf,inf,1,10.217326267865044
TR,0,0,0,inf,6.0,2,26.1619596489941
TR,0,0,0,inf,inf,1,16.831335978596723
TR,0,0,0,inf,inf,1,9.104477076583821
TR,0,0,0,inf,inf,1,6.297754734097961
TR,0,0,0,inf,inf,0,0.0
TR,0,0,0,inf,inf,0,0.0
TR,0,0,0,inf,inf,0,0.0
TR,0,0,0,inf,inf,0,0.0
TR,0,0,0,inf,inf,0,0.0
TR,0,0,0,inf,inf,0,0.0
TR,0,0,0,inf,inf,0,0.0
TR,0,0,0,inf,inf,1,3.246774059364488
TR,0,0,0,inf,inf,0,0.0
TR,0,0,0,inf,inf,0,0.0
TR,0,0,0,inf,inf,1,11.983093009277738
TR,0,0,0,inf,inf,0,0.0
TR,0,0,0,inf,inf,0,0.0
TR,0,0,0,inf,inf,2,9.077607971982841
TR,0,0,0,inf,inf,1,17.72700184323568
TR,0,0,0,inf,inf,2,2.996094495979387
TR,0,0,0,inf,inf,0,0.0
TR,0,0,0,inf,inf,0,0.0
TR,0,0,0,inf,6.0,1,25.714470343702477
TR,0,0,0,inf,inf,0,0.0
TR,0,0,0,inf,inf,0,0.0
TR,0,0,0,inf,inf,1,6.42072081937886
TR,0,0,0,inf,inf,0,0.0
TR,0,0,0,inf,inf,0,0.0
TR,0,0,0,inf,inf,0,0.0
TR,0,0,0,inf,inf,0,0.0
TR,0,0,0,inf,inf,1,3.507737239280464
TR,0,0,0,inf,inf,0,0.0
TR,0,0,0,inf,inf,0,0.0
TR,0,0,0,inf,inf,1,2.4566655313932455
TR,0,0,0,inf,inf,0,0.0
TR,0,0,0,inf,6.0,1,26.035100920048574
TR,0,0,0,inf,inf,0,0.0
TR,0,0,0,inf,inf,0,0.0
TR,0,0,0,inf,inf,0,0.0
TR,0,0,0,inf,inf,0,0.0
TR,0,0,0,inf,inf,1,2.229105437842244
TR,0,0,0,inf,inf,0,0.0
TR,0,0,0,inf,inf,0,0.0
TR,0,0,0,inf,inf,1,16.496032696666997
TR,0,0,0,inf,inf,1,3.68523287077871
TR,0,0,0,inf,inf,1,18.179779594377734
TR,0,0,0,inf,inf,1,22.7520241276561
TR,0,0,0,inf,inf,2,15.252593785246948
TR,0,0,0,inf,inf,0,0.0
TR,0,0,0,inf,inf,0,0.0
TR,0,0,0,inf,inf,0,0.0
TR,0,0,0,inf,inf,1,16.76910537133933
TR,0,0,0,inf,inf,0,0.0
TR,0,0,0,inf,inf,0,0.0
TR,0,0,0,inf,inf,2,10.576180310471047
TR,0,0,0,inf,inf,2,4.890600809497623
TR,0,0,0,inf,inf,1,2.417248604624537
TR,0,0,0,inf,inf,1,3.937748457026847
TR,0,0,0,inf,inf,1,6.719318102008944
TR,0,0,0,inf,inf,0,0.0
TR,0,0,0,inf,inf,0,0.0
TR,0,0,0,inf,inf,0,0.0
TR,0,0,0,inf,inf,0,0.0
TR,0,0,0,inf,inf,0,0.0
TR,0,0,0,inf,inf,1,3.736848885683972
TR,0,0,0,inf,inf,1,2.5337152467083737
TR,0,0,0,inf,inf,0,0.0
TR,0,0,0,inf,inf,2,21.927329608405078
TR,0,0,0,inf,inf,2,7.541079935233239
TR,0,0,0,inf,inf,0,0.0
TR,0,0,0,inf,inf,1,3.4714141610684606
TR,0,0,0,inf,inf,1,4.822995748398512
TR,0,0,0,inf,inf,1,7.338575147900623
TR,0,0,0,inf,inf,0,0.0
TR,0,0,0,inf,inf,1,15.632219720002212
TR,0,0,0,inf,inf,0,0.0
TR,0,0,0,inf,inf,1,13.62247930551936
TR,0,0,0,inf,inf,1,5.654931893400397
TR,0,0,0,inf,inf,1,3.6529732205593217
TR,0,0,0,inf,inf,0,0.0
TR,0,0,0,inf,inf,1,6.241442633728961
TR,0,0,0,inf,inf,0,0.0
TR,1,0,0,inf,inf,38,11.146778693355241
TR,1,0,0,inf,inf,47,12.077404971768365
TR,1,0,0,inf,inf,65,10.909304941474641
TR,1,0,0,inf,inf,27,8.463709915428423
TR,1,0,0,inf,inf,38,13.422823326389747
TR,1,0,0,inf,inf,36,12.006240449978481
TR,1,0,0,inf,inf,47,15.389430858370197
TR,1,0,0,inf,inf,63,13.45297505555402
TR,1,0,0,inf,inf,42,9.303961973954795
TR,1,0,0,inf,inf,33,8.87827453237831
TR,1,0,0,inf,inf,36,13.137338018033306
TR,1,0,0,inf,inf,66,12.775465881074522
TR,1,0,0,inf,inf,38,9.18363186888231
TR,1,0,0,inf,inf,24,9.29216137962834
TR,1,1,0,207.0,207.0,59,29.433323957911025
TR,1,0,0,inf,inf,54,11.342768818536952
TR,1,0,0,inf,inf,26,8.786236738900929
TR,1,0,0,inf,inf,53,12.934214351466006
TR,1,0,0,inf,inf,28,7.900089078152961
TR,1,0,0,inf,inf,44,12.671169744882107
TR,1,0,0,inf,inf,44,14.256869349435544
TR,1,0,0,inf,inf,65,13.607201029991797
TR,1,0,0,inf,inf,57,11.464771024778749
TR,1,0,0,inf,inf,76,16.752264287394205
TR,1,0,0,inf,inf,27,9.34823703270771
TR,1,0,0,inf,inf,24,10.864298544179025
TR,1,0,0,inf,inf,57,12.458566621253855
TR,1,0,0,inf,inf,55,16.023381291978332
TR,1,0,0,inf,inf,50,10.412094687737305
TR,1,0,0,inf,inf,45,10.57593412452594
TR,1,0,0,inf,inf,26,8.875964157575972
TR,1,0,0,inf,inf,31,8.524159300656441
TR,1,0,0,inf,inf,83,21.252724629517495
TR,1,0,1,inf,6.0,63,25.163067120691597
TR,1,0,0,inf,inf,37,10.776612078428398
TR,1,0,0,inf,inf,25,6.501994598609362
TR,1,0,0,inf,inf,63,12.658786683101813
TR,1,0,0,inf,inf,60,12.332207264381713
TR,1,0,0,inf,inf,26,8.714644007272256
TR,1,0,0,inf,inf,43,12.744894121240986
TR,1,0,0,inf,inf,34,8.508347334701067
TR,1,0,0,inf,inf,32,11.816810815559865
TR,1,0,0,inf,inf,36,10.045934679527084
TR,1,0,0,inf,inf,56,10.767829476622452
TR,1,0,0,inf,inf,36,11.762283492458977
TR,1,0,0,inf,inf,57,13.624158624723691
TR,1,0,0,inf,inf,30,20.48380232158726
TR,1,0,0,inf,inf,49,10.640987407244747
TR,1,0,0,inf,inf,60,13.434984033991807
TR,1,0,0,inf,inf,32,9.301079041475155
TR,1,0,0,inf,inf,19,7.692088936169143
TR,1,0,0,inf,inf,30,9.31992453110603
TR,1,0,0,inf,inf,53,10.800968752965701
TR,1,0,0,inf,inf,69,15.548633507481998
TR,1,0,0,inf,inf,32,9.400648909423907
TR,1,0,0,inf,inf,46,12.078898171820226
TR,1,0,0,inf,inf,68,12.256822502537677
TR,1,0,0,inf,inf,8,5.718252480624085
TR,1,0,0,inf,inf,27,9.077192878043881
TR,1,0,0,inf,inf,51,15.44901076510784
TR,1,0,0,inf,inf,48,19.257365283480162
TR,1,0,0,inf,inf,33,13.324432007759798
TR,1,0,0,inf,inf,54,10.921298932609037
TR,1,0,0,inf,inf,8,6.2300341460406585
TR,1,0,0,inf,inf,40,9.62246463478214
TR,1,0,0,inf,inf,39,10.810927409039513
TR,1,0,0,inf,inf,51,14.58989359737328
TR,1,0,0,inf,inf,36,10.799778274907274
TR,1,0,0,inf,inf,29,10.371219246394075
TR,1,0,1,inf,8.0,43,23.450563881823538
TR,1,0,0,inf,inf,36,10.647004617713893
TR,1,0,1,inf,7.0,28,25.045023574408717
TR,1,0,0,inf,inf,71,12.541229782471053
TR,1,0,0,inf,inf,75,15.976694825824731
TR,1,0,0,inf,inf,52,11.614397629829682
TR,1,0,0,inf,inf,43,16.81959075914347
TR,1,0,0,inf,inf,39,15.228345241067707
TR,1,0,0,inf,inf,68,13.221639578622707
TR,1,0,0,inf,inf,57,18.313645352609488
TR,1,0,0,inf,inf,57,10.620534985851428
TR,1,0,0,inf,inf,85,16.04767127505138
TR,1,0,0,inf,inf,35,9.746718954369994
TR,1,0,0,inf,inf,73,14.975473481179687
TR,1,0,0,inf,inf,25,9.672360325139435
TR,1,0,0,inf,inf,44,15.148856142815465
TR,1,0,0,inf,inf,30,7.7524520604091816
TR,1,0,0,inf,inf,36,12.159962051921982
TR,1,0,0,inf,inf,29,11.256011742795332
TR,1,0,0,inf,inf,39,9.238597352922978
TR,1,0,0,inf,inf,17,6.218459960661891
TR,1,0,0,inf,inf,54,13.73733384831681
TR,1,0,0,inf,inf,80,17.89480180233107
TR,1,0,0,inf,inf,38,11.57202356216261
TR,1,0,0,inf,inf,36,7.906591555220991
TR,1,0,0,inf,inf,81,15.65555143650876
TR,1,0,0,inf,inf,31,9.700042047546534
TR,1,0,0,inf,inf,36,12.244818685415076
TR,1,0,0,inf,inf,65,14.505365589960086
TR,1,0,0,inf,inf,55,14.965413075208646
TR,1,0,0,inf,inf,44,13.38914747786026
TR,1,0,0,inf,inf,27,8.7992919229231
TR,1,0,0,inf,inf,59,12.992966664882188
TR,1,0,0,inf,inf,25,15.652624726179926
TR,1,0,0,inf,inf,104,17.79308260157873
TR,1,0,0,inf,inf,44,16.867688204620553
TR,1,0,0,inf,inf,34,11.558621195557933
TR,1,0,0,inf,inf,37,10.961743450605526
TR,1,0,0,inf,inf,52,17.003392246510714
TR,1,0,0,inf,inf,51,10.225175740848277
TR,1,0,0,inf,inf,23,10.30958016109642
TR,1,0,0,inf,inf,17,8.581485588885467
TR,1,0,0,inf,inf,66,14.850375379897722
TR,1,0,0,inf,inf,46,8.346010253537392
TR,1,0,0,inf,inf,14,7.385446628282335
TR,1,0,1,inf,7.0,62,25.06541885949023
TR,1,0,0,inf,inf,73,17.756180344791908
TR,1,0,0,inf,inf,32,8.947430163965256
TR,1,0,0,inf,inf,46,10.089851626238827
TR,1,0,0,inf,inf,16,6.91910909143313
TR,1,0,0,inf,inf,41,12.513623656379897
TR,1,0,0,inf,inf,51,12.796861110225954
TR,1,0,0,inf,inf,52,15.214130202082139
TR,1,0,0,inf,inf,83,15.693599440651738
TR,1,0,0,inf,inf,41,11.319351078279627
TR,1,0,0,inf,inf,51,13.103511444048808
TR,1,0,0,inf,inf,26,7.885803502632834
TR,1,0,0,inf,inf,25,11.38396982933069
TR,1,0,0,inf,inf,61,17.606712035122257
TR,1,0,0,inf,inf,31,9.920651370586796
TR,1,0,0,inf,inf,77,15.129414562536374
TR,1,0,0,inf,inf,50,11.072183909310247
TR,1,0,0,inf,inf,67,17.143533549978194
TR,1,0,0,inf,inf,36,18.842208859484312
TR,1,0,0,inf,inf,44,14.20804460187523
TR,1,0,1,inf,5.0,72,26.529683721157667
TR,1,0,1,inf,7.0,54,25.01902630498913
TR,1,0,0,inf,inf,60,11.60532367676273
TR,1,0,0,inf,inf,76,19.434817261436905
TR,1,0,0,inf,inf,44,11.652362949849547
TR,1,0,0,inf,inf,29,7.664948292684254
TR,1,0,0,inf,inf,69,13.13940390273382
TR,1,0,0,inf,inf,49,12.725049980347231
TR,1,0,0,inf,inf,51,16.30139097729378
TR,1,0,0,inf,inf,51,11.115195775393499
TR,1,0,0,inf,inf,65,12.210134371366788
TR,1,0,0,inf,inf,55,11.291264505633972
TR,1,0,0,inf,inf,40,10.7602107292211
TR,1,0,0,inf,inf,59,15.02686080852707
TR,1,0,0,inf,inf,71,12.877455644188583
TR,1,0,0,inf,inf,37,9.851341651560443
TR,1,0,0,inf,inf,71,14.587026883314198
TR,1,0,0,inf,inf,100,20.68888657166128
TR,1,0,0,inf,inf,50,11.095080265251411
TR,1,0,0,inf,inf,60,10.984698146274464
TR,1,0,0,inf,inf,42,11.224217817535747
TR,1,0,0,inf,inf,51,17.93140561299573
TR,1,0,0,inf,inf,14,7.436382572199529
TR,1,0,0,inf,inf,39,8.465890405199838
TR,1,0,0,inf,inf,62,12.682240354835837
TR,1,0,0,inf,inf,21,7.234797215439286
TR,1,0,0,inf,inf,41,9.573422990221134
TR,1,0,0,inf,inf,36,13.02258037856132
TR,1,0,0,inf,inf,21,8.498332604044244
TR,1,0,0,inf,inf,24,8.932913178995348
TR,1,0,1,inf,7.0,89,24.559712316847246
TR,1,0,0,inf,inf,37,13.592526601350688
TR,1,0,0,inf,inf,25,13.067071046429493
TR,1,0,0,inf,inf,41,10.70979122518913
TR,1,0,0,inf,inf,49,12.363944363027189
TR,1,0,0,inf,inf,66,12.637895766562409
TR,1,0,0,inf,inf,60,13.30860987969942
TR,1,0,0,inf,inf,76,13.342260954564875
TR,1,0,0,inf,inf,16,4.835023330201542
TR,1,0,0,inf,inf,55,10.88516401299363
TR,1,0,0,inf,inf,54,10.141322089348874
TR,1,0,0,inf,inf,14,8.575081886659797
TR,1,0,0,inf,inf,52,11.423857986689026
TR,1,0,0,inf,inf,32,11.058718777712818
TR,1,0,0,inf,inf,50,12.31337563927915
TR,1,0,0,inf,inf,54,15.130827173881945
TR,1,0,0,inf,inf,44,13.140209923918894
TR,1,0,0,inf,inf,61,13.416327999571749
TR,1,0,0,inf,inf,35,9.156488861398547
TR,1,0,0,inf,inf,31,7.583880870406874
TR,1,0,0,inf,inf,56,11.735806790889105
TR,1,0,1,inf,6.0,51,26.1328570535287
TR,1,0,0,inf,inf,48,8.671725028228721
TR,1,0,0,inf,inf,33,11.472038120835322
TR,1,0,0,inf,inf,24,7.540250671768181
TR,1,0,0,inf,inf,48,9.266953527105933
TR,1,0,0,inf,inf,67,18.872428998238227
TR,1,0,0,inf,inf,88,20.46709514777934
TR,1,0,0,inf,inf,35,11.078049785679665
TR,1,0,0,inf,inf,54,11.581088598853857
TR,1,0,0,inf,inf,51,12.192166336328624
TR,1,0,0,inf,inf,38,10.395729582023726
TR,1,0,0,inf,inf,63,18.64971256775935
TR,1,0,0,inf,inf,45,11.702938703939465
TR,1,0,1,inf,7.0,33,24.315273086408432
TR,1,0,0,inf,inf,82,14.956952429024879
TR,1,0,0,inf,inf,46,9.884518759593195
TR,1,0,0,inf,inf,25,8.48320017384145
TR,1,0,0,inf,inf,81,17.577860362888796
TR,1,0,0,inf,inf,49,12.243421131916133
TR,1,0,0,inf,inf,47,10.6558781438427
TR,1,0,0,inf,inf,25,8.711658865491067
TR,1,0,1,inf,5.0,36,27.01855724170412
TR,1,0,0,inf,inf,29,7.819625611752622
TR,1,0,0,inf,inf,42,10.883174150630573
TR,1,0,0,inf,inf,41,12.053168097829229
TR,1,0,0,inf,inf,26,8.655933165991247
TR,1,0,0,inf,inf,29,9.719629240084288
TR,1,0,0,inf,inf,43,12.383955509814005
TR,1,0,0,inf,inf,39,9.752636500341643
TR,1,0,0,inf,inf,28,8.220747048085881
TR,1,0,0,inf,inf,28,9.26379723992881
TR,1,0,0,inf,inf,71,11.289695962008842
TR,1,0,0,inf,inf,39,8.62451166443963
TR,1,0,0,inf,inf,33,7.407016144250292
TR,1,0,0,inf,inf,41,12.154916711604344
TR,1,0,0,inf,inf,39,10.439596741953544
TR,1,0,0,inf,inf,29,8.045224689253686
TR,1,0,0,inf,inf,28,8.734581799905918
TR,1,0,0,inf,inf,33,8.521167496004068
TR,1,0,0,inf,inf,20,15.915279968841473
TR,1,0,0,inf,inf,32,8.178979708531674
TR,1,0,0,inf,inf,15,5.108215205674881
TR,1,0,0,inf,inf,40,11.92909730049339
TR,1,0,0,inf,inf,72,15.456453695473826
TR,1,0,0,inf,inf,75,12.541596090469438
TR,1,0,1,inf,6.0,55,25.735870669913805
TR,1,0,0,inf,inf,35,11.293132040743307
TR,1,0,0,inf,inf,65,15.280807985957523
TR,1,0,0,inf,inf,49,15.27674824010374
TR,1,0,0,inf,inf,26,10.58289762177425
TR,1,0,0,inf,inf,56,14.496445143585492
TR,1,0,0,inf,inf,28,17.28570938457149
TR,1,0,0,inf,inf,30,11.388234908494756
TR,1,0,0,inf,inf,30,9.91260195134182
TR,1,0,0,inf,inf,36,9.642646864066032
TR,1,0,0,inf,inf,21,9.209160286018074
TR,1,0,0,inf,inf,39,10.847253188650324
TR,1,0,0,inf,inf,28,8.354264865493796
TR,1,0,0,inf,inf,42,14.052598223761427
TR,1,0,0,inf,inf,38,10.064370601017401
TR,1,0,0,inf,inf,66,13.581742714202253
TR,1,0,0,inf,inf,22,7.73525799588564
TR,1,0,0,inf,inf,38,11.222279410353057
TR,1,0,0,inf,inf,33,8.58627507703257
TR,1,0,0,inf,inf,47,11.456006488680506
EIR,0,0,0,inf,inf,2,6.17886793009681
EIR,0,0,0,inf,27.0,2,24.619713827802276
EIR,0,0,0,inf,inf,0,0.0
EIR,0,0,0,inf,inf,2,10.334604147356735
EIR,0,0,0,inf,inf,0,0.0
EIR,0,0,0,inf,inf,1,2.9824087644798807
EIR,0,0,0,inf,inf,1,8.57835801283749
EIR,0,0,0,inf,inf,2,20.019603178923898
EIR,0,0,0,inf,inf,1,4.181993512895467
EIR,0,0,0,inf,inf,2,11.309638090450306
EIR,0,0,0,inf,inf,1,2.4212608264580306
EIR,0,0,0,inf,inf,1,13.95755562767361
EIR,0,0,0,inf,inf,0,0.0
EIR,0,0,0,inf,inf,2,13.941849585117257
EIR,0,0,0,inf,inf,2,12.25151654451379
EIR,0,0,0,inf,inf,1,10.96251448155682
EIR,0,0,0,inf,inf,0,0.0
EIR,0,0,0,inf,inf,0,0.0
EIR,0,0,0,inf,inf,1,2.55889457986827
EIR,0,0,0,inf,inf,0,0.0
EIR,0,0,0,inf,25.0,2,26.766556641801664
EIR,0,0,0,inf,inf,1,4.697965556014719
EIR,0,0,0,inf,inf,1,4.752107908628413
EIR,0,0,0,inf,inf,0,0.0
EIR,0,0,0,inf,inf,0,0.0
EIR,0,0,0,inf,inf,1,21.985135616369405
EIR,0,0,0,inf,inf,0,0.0
EIR,0,0,0,inf,inf,0,0.0
EIR,0,0,0,inf,inf,0,0.0
EIR,0,0,0,inf,inf,2,13.159937392741226
EIR,0,0,0,inf,inf,1,14.70631686669113
EIR,0,0,0,inf,inf,1,16.962575694154864
EIR,0,0,0,inf,inf,2,6.385247063707018
EIR,0,0,0,inf,inf,1,4.123288515566984
EIR,0,0,0,inf,inf,0,0.0
EIR,0,0,0,inf,inf,0,0.0
EIR,0,0,0,inf,inf,0,0.0
EIR,0,0,0,inf,inf,1,4.7706351333210835
EIR,0,0,0,inf,inf,0,0.0
EIR,0,0,0,inf,27.0,3,24.98586363125357
EIR,0,0,0,inf,inf,0,0.0
EIR,0,0,0,inf,inf,0,0.0
EIR,0,0,0,inf,inf,0,0.0
EIR,0,0,0,inf,inf,1,4.199180428152827
EIR,0,0,0,inf,inf,1,7.641811301574469
EIR,0,0,0,inf,inf,1,14.26387025213094
EIR,0,0,0,inf,inf,0,0.0
EIR,0,0,0,inf,inf,0,0.0
EIR,0,0,0,inf,inf,1,8.918011881814468
EIR,0,0,0,inf,inf,0,0.0
EIR,0,0,0,inf,inf,1,12.883733942023365
EIR,0,0,0,inf,inf,2,17.265952759704753
EIR,0,0,0,inf,inf,2,15.542985777848315
EIR,0,0,0,inf,inf,1,19.62344736137743
EIR,0,0,0,inf,inf,0,0.0
EIR,0,0,0,inf,inf,0,0.0
EIR,0,0,0,inf,inf,0,0.0
EIR,0,0,0,inf,inf,1,2.8423180677620694
EIR,0,0,0,inf,inf,0,0.0
EIR,0,0,0,inf,inf,2,16.115721251767393
EIR,0,0,0,inf,inf,1,16.955633810381297
EIR,0,0,0,inf,inf,0,0.0
EIR,0,0,0,inf,inf,0,0.0
EIR,0,0,0,inf,inf,0,0.0
EIR,0,0,0,inf,inf,1,5.8428132782532884
EIR,0,0,0,inf,inf,1,5.616582050024971
EIR,0,0,0,inf,inf,0,0.0
EIR,0,0,0,inf,inf,1,7.734104099052153
EIR,0,0,0,inf,inf,0,0.0
EIR,0,0,0,inf,inf,0,0.0
EIR,0,0,0,inf,inf,0,0.0
EIR,0,0,0,inf,inf,1,3.2271670868994407
EIR,0,0,0,inf,inf,0,0.0
EIR,0,0,0,inf,27.0,1,23.923734345700325
EIR,0,0,0,inf,inf,0,0.0
EIR,0,0,0,inf,inf,0,0.0
EIR,0,0,0,inf,inf,1,3.8219815360450364
EIR,0,0,0,inf,inf,0,0.0
EIR,0,0,0,inf,inf,0,0.0
EIR,0,0,0,inf,inf,1,8.928642695419903
EIR,0,0,0,inf,inf,0,0.0
EIR,0,0,0,inf,inf,0,0.0
EIR,0,0,0,inf,inf,0,0.0
EIR,0,0,0,inf,inf,1,10.34558685739664
EIR,0,0,0,inf,inf,1,10.514487703686411
EIR,0,0,0,inf,inf,0,0.0
EIR,0,0,0,inf,inf,1,2.7590284748874523
EIR,0,0,0,inf,inf,0,0.0
EIR,0,0,0,inf,inf,0,0.0
EIR,0,0,0,inf,inf,0,0.0
EIR,0,0,0,inf,inf,1,4.7947580940737895
EIR,0,0,0,inf,inf,0,0.0
EIR,0,0,0,inf,inf,0,0.0
EIR,0,0,0,inf,25.0,1,26.415015973724987
EIR,0,0,0,inf,inf,0,0.0
EIR,0,0,0,inf,inf,0,0.0
EIR,0,0,0,inf,inf,3,20.739025328049582
EIR,0,0,0,inf,inf,0,0.0
EIR,0,0,0,inf,inf,0,0.0
EIR,0,0,0,inf,inf,1,18.5576640853088
EIR,0,0,0,inf,inf,1,18.521614023996314
EIR,0,0,0,inf,inf,1,7.851311470109153
EIR,0,0,0,inf,inf,2,8.578358137939961
EIR,0,0,0,inf,inf,0,0.0
EIR,0,0,0,inf,inf,1,18.198406247847792
EIR,0,0,0,inf,inf,0,0.0
EIR,0,0,0,inf,inf,1,3.66442617183782
EIR,0,0,0,inf,inf,1,19.022150395889188
EIR,0,0,0,inf,25.0,1,26.943805967208284
EIR,0,0,0,inf,inf,2,7.137123647748213
EIR,0,0,0,inf,25.0,2,26.911407509097064
EIR,0,0,0,inf,inf,1,10.650043252527848
EIR,0,0,0,inf,inf,0,0.0
EIR,0,0,0,inf,inf,2,18.074845904862844
EIR,0,0,0,inf,inf,0,0.0
EIR,0,0,0,inf,inf,1,8.311327308634187
EIR,0,0,0,inf,inf,1,11.437850067310471
EIR,0,0,0,inf,inf,1,7.724245970171803
EIR,0,0,0,inf,inf,0,0.0
EIR,0,0,0,inf,inf,0,0.0
EIR,0,0,0,inf,inf,2,13.312435594872364
EIR,0,0,0,inf,33.0,3,52.0705286588406
EIR,0,0,0,inf,inf,0,0.0
EIR,0,0,0,inf,inf,0,0.0
EIR,0,0,0,inf,inf,1,6.945566590070993
EIR,0,0,0,inf,27.0,1,23.99154631275727
EIR,0,0,0,inf,inf,3,16.8292674265125
EIR,0,0,0,inf,inf,0,0.0
EIR,0,0,0,inf,inf,1,6.115778915774782
EIR,0,0,0,inf,inf,0,0.0
EIR,0,0,0,inf,inf,0,0.0
EIR,0,0,0,inf,inf,0,0.0
EIR,0,0,0,inf,inf,2,16.29575333484484
EIR,0,0,0,inf,inf,0,0.0
EIR,0,0,0,inf,inf,0,0.0
EIR,0,0,0,inf,inf,0,0.0
EIR,0,0,0,inf,inf,0,0.0
EIR,0,0,0,inf,inf,0,0.0
EIR,0,0,0,inf,inf,0,0.0
EIR,0,0,0,inf,inf,0,0.0
EIR,0,0,0,inf,inf,0,0.0
EIR,0,0,0,inf,inf,0,0.0
EIR,0,0,0,inf,inf,0,0.0
EIR,0,0,0,inf,inf,1,9.153180594463983
EIR,0,0,0,inf,inf,2,18.309994102787194
EIR,0,0,0,inf,inf,0,0.0
EIR,0,0,0,inf,27.0,1,24.757327205591007
EIR,0,0,0,inf,inf,0,0.0
EIR,0,0,0,inf,inf,0,0.0
EIR,0,0,0,inf,inf,1,15.538552147016105
EIR,0,0,0,inf,inf,0,0.0
EIR,0,0,0,inf,inf,0,0.0
EIR,0,0,0,inf,inf,0,0.0
EIR,0,0,0,inf,inf,1,8.129087259693934
EIR,0,0,0,inf,inf,0,0.0
EIR,0,0,0,inf,inf,0,0.0
EIR,0,0,0,inf,inf,2,5.659981225972025
EIR,0,0,0,inf,inf,0,0.0
EIR,0,0,0,inf,inf,1,6.789343057825632
EIR,0,0,0,inf,inf,1,2.2224589777660517
EIR,0,0,0,inf,inf,0,0.0
EIR,0,0,0,inf,inf,1,7.490131976270283
EIR,0,0,0,inf,inf,1,3.299319244588436
EIR,0,0,0,inf,inf,1,9.19872179747388
EIR,0,0,0,inf,inf,1,6.421636933725718
EIR,0,0,0,inf,inf,1,7.351186391491247
EIR,0,0,0,inf,inf,1,3.171066964271039
EIR,0,0,0,inf,inf,1,18.984144039310607
EIR,0,0,0,inf,inf,1,3.179570533377809
EIR,0,0,0,inf,inf,1,18.607697570169115
EIR,0,0,0,inf,inf,0,0.0
EIR,0,0,0,inf,inf,0,0.0
EIR,0,0,0,inf,inf,1,19.354196003385756
EIR,0,0,0,inf,inf,0,0.0
EIR,0,0,0,inf,inf,0,0.0
EIR,0,0,0,inf,inf,0,0.0
EIR,0,0,0,inf,inf,1,3.2509165285107637
EIR,0,0,0,inf,inf,0,0.0
EIR,0,0,0,inf,inf,1,6.213466394618759
EIR,0,0,0,inf,inf,0,0.0
EIR,0,0,0,inf,inf,0,0.0
EIR,0,0,0,inf,inf,1,13.23877854928348
EIR,0,0,0,inf,inf,1,20.243541217715322
EIR,0,0,0,inf,inf,0,0.0
EIR,0,0,0,inf,inf,0,0.0
EIR,0,0,0,inf,inf,0,0.0
EIR,0,0,0,inf,inf,0,0.0
EIR,0,0,0,inf,inf,0,0.0
EIR,0,0,0,inf,inf,0,0.0
EIR,0,0,0,inf,inf,1,6.47410930325804
EIR,0,0,0,inf,inf,0,0.0
EIR,0,0,0,inf,inf,0,0.0
EIR,0,0,0,inf,inf,0,0.0
EIR,0,0,0,inf,inf,0,0.0
EIR,0,0,0,inf,27.0,1,24.93172716705048
EIR,0,0,0,inf,inf,0,0.0
EIR,0,0,0,inf,inf,1,3.0301784445540245
EIR,0,0,0,inf,inf,1,2.5241080259485753
EIR,0,0,0,inf,inf,0,0.0
EIR,0,0,0,inf,inf,1,20.46127448226379
EIR,0,0,0,inf,inf,0,0.0
EIR,0,0,0,inf,inf,0,0.0
EIR,0,0,0,inf,25.0,1,26.86508126835786
EIR,0,0,0,inf,inf,0,0.0
EIR,0,0,0,inf,inf,0,0.0
EIR,0,0,0,inf,inf,2,20.08784044867504
EIR,0,0,0,inf,inf,1,9.226447316573124
EIR,0,0,0,inf,inf,1,6.079210166417283
EIR,0,0,0,inf,inf,0,0.0
EIR,0,0,0,inf,inf,0,0.0
EIR,0,0,0,inf,inf,0,0.0
EIR,0,0,0,inf,inf,0,0.0
EIR,0,0,0,inf,inf,1,21.503858277330075
EIR,0,0,0,inf,inf,1,20.304417653991248
EIR,0,0,0,inf,inf,3,11.073511143576518
EIR,0,0,0,inf,inf,0,0.0
EIR,0,0,0,inf,inf,0,0.0
EIR,0,0,0,inf,inf,0,0.0
EIR,0,0,0,inf,inf,0,0.0
EIR,0,0,0,inf,inf,3,22.939154339945816
EIR,0,0,0,inf,inf,2,3.6302733601367163
EIR,0,0,0,inf,inf,0,0.0
EIR,0,0,0,inf,inf,0,0.0
EIR,0,0,0,inf,inf,1,6.82754170519033
EIR,0,0,0,inf,inf,1,4.217710008510075
EIR,0,0,0,inf,inf,2,10.494789766889808
EIR,0,0,0,inf,inf,0,0.0
EIR,0,0,0,inf,inf,3,14.15467514553863
EIR,0,0,0,inf,inf,1,2.6859538713456543
EIR,0,0,0,inf,inf,1,2.851856145159776
EIR,0,0,0,inf,inf,0,0.0
EIR,0,0,0,inf,inf,1,10.983383903681268
EIR,0,0,0,inf,inf,1,2.348238615211535
EIR,0,0,0,inf,inf,1,18.759853117565694
EIR,0,0,0,inf,inf,0,0.0
EIR,0,0,0,inf,inf,0,0.0
EIR,0,0,0,inf,inf,0,0.0
EIR,0,0,0,inf,inf,1,16.218040347994688
EIR,0,0,0,inf,inf,0,0.0
EIR,0,0,0,inf,inf,0,0.0
EIR,0,0,0,inf,inf,0,0.0
EIR,0,0,0,inf,inf,0,0.0
EIR,0,0,0,inf,inf,0,0.0
EIR,0,0,0,inf,inf,3,20.25295637152793
EIR,0,0,0,inf,inf,1,6.760862379800562
EIR,0,0,0,inf,inf,0,0.0
EIR,0,0,0,inf,inf,0,0.0
EIR,0,0,0,inf,inf,0,0.0
EIR,0,0,0,inf,inf,0,0.0
EIR,0,0,0,inf,inf,1,3.682664843530761
EIR,1,1,0,95.0,95.0,26,40.88367014960142
EIR,1,0,0,inf,inf,27,20.271406576922935
EIR,1,0,0,inf,inf,36,19.797345217574918
EIR,1,0,0,inf,inf,31,18.552960132639733
EIR,1,0,0,inf,inf,32,20.24637752846964
EIR,1,1,0,107.0,107.0,21,24.83567298816608
EIR,1,1,0,102.0,102.0,20,28.88877567656719
EIR,1,0,0,inf,inf,21,18.966570873619563
EIR,1,1,0,100.0,100.0,19,27.115828006120363
EIR,1,1,0,101.0,101.0,24,24.679737643695926
EIR,1,0,0,inf,inf,30,15.48373729148968
EIR,1,0,0,inf,inf,28,15.881979595286058
EIR,1,0,0,inf,inf,33,15.035427177249284
EIR,1,0,0,inf,inf,21,13.244902244567985
EIR,1,0,0,inf,inf,26,18.40546537818257
EIR,1,0,0,inf,inf,23,12.886928129335697
EIR,1,0,0,inf,inf,29,18.54015582065409
EIR,1,0,0,inf,inf,29,12.989903494884308
EIR,1,1,0,99.0,99.0,23,28.035956833522768
EIR,1,1,0,99.0,99.0,23,24.709567996426273
EIR,1,1,0,99.0,99.0,21,30.907127846804784
EIR,1,0,0,inf,inf,39,22.93311343876861
EIR,1,0,0,inf,inf,30,19.874374710017428
EIR,1,1,0,101.0,101.0,29,24.005631530832744
EIR,1,0,0,inf,inf,31,17.750346441643913
EIR,1,0,0,inf,inf,33,16.024446292576574
EIR,1,1,0,98.0,98.0,22,34.130762171507364
EIR,1,0,1,inf,26.0,37,26.0235165510583
EIR,1,0,0,inf,inf,27,21.873606486955538
EIR,1,0,0,inf,inf,32,22.158235394768177
EIR,1,0,0,inf,inf,21,20.997032727266024
EIR,1,0,0,inf,inf,35,17.72120963532334
EIR,1,1,0,96.0,96.0,26,41.139848068340626
EIR,1,1,0,98.0,98.0,19,26.177421778240404
EIR,1,0,0,inf,inf,38,18.481174259405883
EIR,1,0,0,inf,inf,24,14.349926367024993
EIR,1,1,0,97.0,97.0,27,34.13734609710486
EIR,1,1,1,97.0,27.0,23,43.52425161961689
EIR,1,1,0,96.0,96.0,18,26.615733264172405
EIR,1,0,0,inf,inf,33,23.314030131243758
EIR,1,1,0,96.0,96.0,22,27.219911426919793
EIR,1,1,0,96.0,96.0,29,43.68453107684628
EIR,1,1,0,103.0,103.0,30,29.023991447071985
EIR,1,0,0,inf,inf,25,21.227165975797494
EIR,1,0,0,inf,inf,26,21.92543684883551
EIR,1,0,0,inf,inf,36,12.905063075317681
EIR,1,1,0,98.0,98.0,18,23.965100882929125
EIR,1,0,0,inf,inf,37,22.927263921228583
EIR,1,0,0,inf,inf,27,21.72695802396036
EIR,1,1,0,99.0,99.0,18,24.66718107399022
EIR,1,0,0,inf,inf,22,16.871795630731278
EIR,1,0,0,inf,inf,27,18.53140391355487
EIR,1,0,0,inf,inf,38,23.060473454587342
EIR,1,0,0,inf,inf,27,22.95486606220855
EIR,1,0,0,inf,inf,26,17.64372555004113
EIR,1,1,0,97.0,97.0,28,30.241552532313897
EIR,1,0,0,inf,inf,38,21.557145304370195
EIR,1,0,0,inf,inf,27,23.85213142854574
EIR,1,1,0,98.0,98.0,27,41.28032813257704
EIR,1,0,0,inf,inf,24,16.08553817308085
EIR,1,0,0,inf,inf,26,23.798176035779235
EIR,1,1,0,98.0,98.0,18,26.019513806080475
EIR,1,1,0,97.0,97.0,23,24.21071101208153
EIR,1,1,0,97.0,97.0,23,32.81824374333246
EIR,1,0,0,inf,inf,31,15.714640757401094
EIR,1,1,0,96.0,96.0,25,35.48670342441213
EIR,1,0,0,inf,inf,41,21.690986765074534
EIR,1,1,0,96.0,96.0,28,47.88462930570887
EIR,1,1,0,96.0,96.0,20,32.01976350104994
EIR,1,1,0,97.0,97.0,25,45.79709405190804
EIR,1,0,0,inf,inf,33,15.545172300581308
EIR,1,1,0,97.0,97.0,17,29.947742680173345
EIR,1,1,0,95.0,95.0,24,34.74745981707131
EIR,1,0,0,inf,inf,25,20.104965753074136
EIR,1,0,0,inf,inf,31,19.35720984059254
EIR,1,0,0,inf,inf,32,22.784273343981113
EIR,1,0,0,inf,inf,33,22.607898533057863
EIR,1,0,0,inf,inf,28,12.709058541781642
EIR,1,1,0,98.0,98.0,23,32.239222587278284
EIR,1,1,0,99.0,99.0,25,27.587511694993182
EIR,1,1,0,95.0,95.0,28,29.42077657002657
EIR,1,0,0,inf,inf,34,20.286378482142734
EIR,1,1,0,97.0,97.0,21,32.19331062714821
EIR,1,1,0,101.0,101.0,25,24.591913549278587
EIR,1,0,0,inf,inf,27,16.944901899698134
EIR,1,1,0,97.0,97.0,24,27.077915067753533
EIR,1,1,0,96.0,96.0,21,32.73239478099484
EIR,1,0,0,inf,inf,23,17.628606068270596
EIR,1,0,0,inf,inf,29,19.123833733386157
EIR,1,0,0,inf,inf,34,21.09062436970077
EIR,1,1,0,106.0,106.0,22,37.25556080858285
EIR,1,0,0,inf,inf,29,21.285227488762708
EIR,1,0,0,inf,inf,31,18.05335440770157
EIR,1,0,0,inf,inf,32,19.619110334473998
EIR,1,1,0,97.0,97.0,21,28.623302863034123
EIR,1,1,0,105.0,105.0,21,30.62854670080105
EIR,1,0,0,inf,inf,29,21.100229628189606
EIR,1,1,0,97.0,97.0,20,25.477600844316704
EIR,1,1,0,96.0,96.0,18,30.597941417787233
EIR,1,1,0,98.0,98.0,19,28.463389696990586
EIR,1,0,0,inf,inf,22,15.955224826511994
EIR,1,1,1,31.0,26.0,3,30.577125787744563
EIR,1,0,0,inf,inf,24,18.997288423640846
EIR,1,1,0,98.0,98.0,28,30.932294457673876
EIR,1,0,0,inf,inf,37,18.06999330717589
EIR,1,0,0,inf,inf,24,13.78196166685487
EIR,1,0,0,inf,inf,34,18.5806633540956
EIR,1,0,0,inf,inf,28,14.656920886645675
EIR,1,0,0,inf,inf,35,20.536330401335743
EIR,1,0,0,inf,inf,29,22.446132224388545
EIR,1,1,0,105.0,105.0,21,26.5081377186046
EIR,1,0,0,inf,inf,32,20.842265232718596
EIR,1,1,0,95.0,95.0,25,29.696077981054934
EIR,1,0,0,inf,inf,28,17.497084968895845
EIR,1,1,0,98.0,98.0,24,35.627086934541026
EIR,1,0,0,inf,inf,29,21.71116036468276
EIR,1,0,0,inf,inf,21,16.55638641167661
EIR,1,0,0,inf,inf,29,16.81109701677617
EIR,1,1,0,97.0,97.0,23,36.83474862025846
EIR,1,0,0,inf,inf,23,23.243261031168974
EIR,1,1,0,96.0,96.0,29,35.216543979642196
EIR,1,0,0,inf,inf,24,17.658211147615674
EIR,1,0,0,inf,inf,33,20.626996943600396
EIR,1,1,0,99.0,99.0,24,42.532533873308076
EIR,1,1,0,98.0,98.0,24,24.394973496745514
EIR,1,1,0,98.0,98.0,26,24.702944417981527
EIR,1,1,0,97.0,97.0,21,30.88021060748046
EIR,1,1,0,95.0,95.0,25,26.15161705462871
EIR,1,1,0,100.0,100.0,25,28.548750570833175
EIR,1,1,0,98.0,98.0,21,31.561385516127373
EIR,1,0,0,inf,inf,21,14.472167424198343
EIR,1,0,0,inf,inf,28,20.03202396343628
EIR,1,0,0,inf,inf,28,21.067524528084682
EIR,1,1,0,96.0,96.0,25,30.161710657108276
EIR,1,1,0,101.0,101.0,22,25.97658709643896
EIR,1,1,0,97.0,97.0,24,28.62049437915515
EIR,1,1,0,96.0,96.0,25,35.29161114384999
EIR,1,0,0,inf,inf,26,23.231730769142615
EIR,1,0,0,inf,inf,38,20.05429566164538
EIR,1,1,0,99.0,99.0,23,26.217650166632424
EIR,1,0,0,inf,inf,26,18.84257808940476
EIR,1,0,0,inf,inf,25,19.764556360173714
EIR,1,1,0,95.0,95.0,21,30.92444015249799
EIR,1,1,0,99.0,99.0,21,24.29072867270221
EIR,1,0,0,inf,inf,26,21.021538881500458
EIR,1,0,0,inf,inf,30,18.439835918400597
EIR,1,1,0,98.0,98.0,21,28.69500206949388
EIR,1,0,0,inf,inf,31,19.32015863182972
EIR,1,0,0,inf,inf,32,22.81489881826349
EIR,1,0,0,inf,inf,29,21.202761938830037
EIR,1,1,0,98.0,98.0,24,25.009036088018256
EIR,1,1,0,98.0,98.0,22,32.75077410940123
EIR,1,1,0,99.0,99.0,18,31.1966735802476
EIR,1,0,0,inf,inf,21,13.824270680230093
EIR,1,0,0,inf,inf,28,19.993978780547877
EIR,1,1,0,96.0,96.0,22,24.50661573596263
EIR,1,1,0,98.0,98.0,25,38.41940346601874
EIR,1,1,0,96.0,96.0,16,42.14177219549991
EIR,1,0,0,inf,inf,30,19.069823467423866
EIR,1,0,0,inf,inf,26,22.178202515914556
EIR,1,0,0,inf,inf,24,17.242512385489384
EIR,1,0,0,inf,inf,31,15.014110945133014
EIR,1,1,0,97.0,97.0,18,36.144407966396074
EIR,1,1,0,97.0,97.0,25,35.867192828672145
EIR,1,1,0,96.0,96.0,22,27.946232742161566
EIR,1,0,0,inf,inf,34,18.864090170298063
EIR,1,1,0,96.0,96.0,23,25.640342338426734
EIR,1,0,0,inf,inf,27,19.05872088061851
EIR,1,0,0,inf,inf,28,14.865801389137935
EIR,1,0,0,inf,inf,23,20.899312301742555
EIR,1,0,0,inf,inf,28,16.94441216263913
EIR,1,1,0,110.0,110.0,22,24.96703192525312
EIR,1,1,0,101.0,101.0,22,30.151791714312516
EIR,1,1,0,97.0,97.0,25,28.613368412031136
EIR,1,1,0,95.0,95.0,23,30.29849992879737
EIR,1,0,0,inf,inf,23,22.824950906311912
EIR,1,0,0,inf,inf,29,18.39740758806737
EIR,1,1,0,97.0,97.0,22,26.25406422885656
EIR,1,1,0,96.0,96.0,25,35.83073971558725
EIR,1,0,0,inf,inf,30,19.92345761030905
EIR,1,1,0,97.0,97.0,25,40.143191942932546
EIR,1,0,0,inf,inf,28,21.683332536415644
EIR,1,0,0,inf,inf,15,16.579629607327938
EIR,1,1,1,96.0,26.0,24,40.99121939101227
EIR,1,0,0,inf,inf,43,21.71448731314966
EIR,1,0,0,inf,inf,29,22.68147804558795
EIR,1,0,0,inf,inf,24,22.68323170808814
EIR,1,0,0,inf,inf,26,14.256718975872438
EIR,1,1,0,95.0,95.0,20,27.28302034291532
EIR,1,1,0,97.0,97.0,25,24.739080689400865
EIR,1,0,0,inf,inf,27,20.953261249392778
EIR,1,1,0,96.0,96.0,18,36.671076250276165
EIR,1,1,0,97.0,97.0,24,43.18635487881164
EIR,1,0,0,inf,inf,28,14.405084328713443
EIR,1,0,0,inf,inf,19,17.40480434392066
EIR,1,1,0,104.0,104.0,21,33.03176825115824
EIR,1,1,0,97.0,97.0,23,29.296176518737063
EIR,1,1,0,98.0,98.0,25,23.98632549819631
EIR,1,0,0,inf,inf,28,23.788491256328044
EIR,1,0,0,inf,inf,29,23.185973028317328
EIR,1,0,0,inf,inf,33,17.684127169070027
EIR,1,1,0,98.0,98.0,18,28.70915123977734
EIR,1,1,0,96.0,96.0,26,37.70535837596506
EIR,1,0,0,inf,inf,30,20.31711191241552
EIR,1,0,0,inf,inf,27,22.556498580334964
EIR,1,1,0,97.0,97.0,25,30.356494759548948
EIR,1,0,0,inf,inf,18,21.99181777133557
EIR,1,1,0,100.0,100.0,20,27.065009395316544
EIR,1,0,0,inf,inf,31,18.199542662287126
EIR,1,1,0,96.0,96.0,21,32.068095740905775
EIR,1,1,0,96.0,96.0,29,26.242446175367846
EIR,1,1,0,96.0,96.0,27,28.75952004083185
EIR,1,1,0,96.0,96.0,25,41.46554155784479
EIR,1,0,0,inf,inf,24,19.970982162174618
EIR,1,0,0,inf,inf,27,18.67023033391881
EIR,1,0,0,inf,inf,37,21.75957286251427
EIR,1,0,0,inf,inf,33,11.895907366566469
EIR,1,0,0,inf,inf,33,20.17362252914275
EIR,1,1,0,97.0,97.0,26,37.02020449507627
EIR,1,1,0,97.0,97.0,24,28.103250836477677
EIR,1,1,0,103.0,103.0,23,25.768380898335273
EIR,1,1,0,100.0,100.0,24,29.500789099473963
EIR,1,1,0,102.0,102.0,17,24.45394244422304
EIR,1,0,0,inf,inf,40,21.630455639843525
EIR,1,0,0,inf,inf,25,20.717384358147363
EIR,1,1,0,98.0,98.0,21,23.937421011917095
EIR,1,0,0,inf,inf,22,18.60665051305759
EIR,1,0,0,inf,inf,27,20.72946867776121
EIR,1,1,0,107.0,107.0,15,25.255127075599145
EIR,1,0,0,inf,inf,28,23.315640133810827
EIR,1,1,0,97.0,97.0,22,26.714032518430166
EIR,1,0,0,inf,inf,36,22.36619808731649
EIR,1,0,0,inf,inf,32,19.21681877243402
EIR,1,1,0,99.0,99.0,24,27.294473081589636
EIR,1,0,0,inf,inf,21,11.536390809267777
EIR,1,0,0,inf,inf,32,20.60991003859652
EIR,1,1,0,96.0,96.0,19,33.70239886882165
EIR,1,0,0,inf,inf,30,22.31790203227788
EIR,1,1,0,98.0,98.0,25,26.658208838228983
EIR,1,0,0,inf,inf,33,23.12938669702988
EIR,1,0,0,inf,inf,31,19.822180244276282
EIR,1,0,0,inf,inf,30,17.335174060398906
EIR,1,1,0,96.0,96.0,21,30.508439663202896
EIR,1,1,1,95.0,27.0,29,42.885644861741866
EIR,1,0,0,inf,inf,30,21.030153223365122
EIR,1,0,0,inf,inf,32,22.393537179703813
EIR,1,1,0,96.0,96.0,18,30.515770868047483
EIR,1,0,0,inf,inf,27,18.8002102958744
EIR,1,0,0,inf,inf,39,18.840416071220453
EIR,1,1,0,98.0,98.0,27,35.272546627126026
