eir_gate_quantile,hysteresis_margin_eir,gate_hysteresis_margin,w2,focus_max_a1,num_focus_points,eir_mean_P_D,eir_mean_P_FA,eir_mean_C_H1,eir_mean_delay,tr_mean_P_D,tr_mean_P_FA,tr_mean_C_H1,tr_mean_delay,rr_mean_P_D,rr_mean_P_FA,rr_mean_C_H1,rr_mean_delay,delta_P_D_vs_TR,delta_C_H1_vs_TR,delta_delay_vs_TR,delta_P_D_vs_RR,delta_C_H1_vs_RR,delta_delay_vs_RR,traffic_penalty_vs_TR,delay_penalty_vs_TR,target_P_FA,pfa_abs_deviation,soft_rank,pfa_tolerance,pfa_feasible,detection_gain_vs_both,relative_C_H1_vs_RR,max_relative_traffic_overhead_vs_RR,traffic_competitive_vs_RR,robust_success,robust_rank
0.84,0.02,0.01,0.9,0.1,3,0.7533333333333333,0.0733333333333333,13098.444444444443,177.38855297157622,0.5377777777777778,0.0666666666666666,12603.111111111111,190.59735924601296,0.6777777777777777,0.1066666666666666,12927.555555555557,176.78882775392842,0.2155555555555555,495.33333333333394,-13.208806274436768,0.0755555555555556,170.8888888888905,0.5997252176478014,495.33333333333394,0.0,0.05,0.0233333333333333,8,0.03,True,True,0.013218963798260264,0.05,True,True,1
0.86,0.04,0.03,0.75,0.1,3,0.7488888888888888,0.08,13201.555555555557,178.6673813860699,0.5377777777777778,0.0666666666666666,12603.111111111111,190.59735924601296,0.6777777777777777,0.1066666666666666,12927.555555555557,176.78882775392842,0.211111111111111,598.4444444444453,-11.92997785994308,0.0711111111111111,274.0000000000018,1.8785536321414893,598.4444444444453,0.0,0.05,0.03,13,0.03,True,True,0.021195035582906474,0.05,True,True,2
0.84,0.02,0.02,0.9,0.1,3,0.7466666666666667,0.0733333333333333,13124.444444444443,177.91784123563218,0.5377777777777778,0.0666666666666666,12603.111111111111,190.59735924601296,0.6777777777777777,0.1066666666666666,12927.555555555557,176.78882775392842,0.2088888888888889,521.3333333333339,-12.679518010380804,0.068888888888889,196.8888888888905,1.1290134817037654,521.3333333333339,0.0,0.05,0.0233333333333333,17,0.03,True,True,0.015230171554302396,0.05,True,True,3
0.84,0.02,0.03,0.9,0.1,3,0.7444444444444445,0.0733333333333333,13153.777777777776,179.05352339181286,0.5377777777777778,0.0666666666666666,12603.111111111111,190.59735924601296,0.6777777777777777,0.1066666666666666,12927.555555555557,176.78882775392842,0.2066666666666666,550.6666666666642,-11.543835854200124,0.0666666666666667,226.2222222222208,2.264695637884444,550.6666666666642,0.0,0.05,0.0233333333333333,18,0.03,True,True,0.017499226458555173,0.05,True,True,4
0.84,0.02,0.01,0.75,0.1,3,0.7377777777777778,0.0666666666666666,13302.666666666666,177.97440972222225,0.5377777777777778,0.0666666666666666,12603.111111111111,190.59735924601296,0.6777777777777777,0.1066666666666666,12927.555555555557,176.78882775392842,0.1999999999999999,699.5555555555547,-12.622949523790735,0.06,375.1111111111113,1.1855819682938318,699.5555555555547,0.0,0.05,0.0166666666666666,22,0.03,True,True,0.029016399078626076,0.05,True,True,5
0.84,0.03,0.01,0.75,0.1,3,0.7377777777777778,0.0666666666666666,13303.333333333334,179.21560645828364,0.5377777777777778,0.0666666666666666,12603.111111111111,190.59735924601296,0.6777777777777777,0.1066666666666666,12927.555555555557,176.78882775392842,0.1999999999999999,700.2222222222226,-11.38175278772934,0.06,375.7777777777792,2.426778704355229,700.2222222222226,0.0,0.05,0.0166666666666666,23,0.03,True,True,0.029067968508268205,0.05,True,True,6
0.84,0.04,0.01,0.75,0.1,3,0.7355555555555555,0.0666666666666666,13307.77777777778,179.2357033148634,0.5377777777777778,0.0666666666666666,12603.111111111111,190.59735924601296,0.6777777777777777,0.1066666666666666,12927.555555555557,176.78882775392842,0.1977777777777777,704.6666666666679,-11.361655931149585,0.0577777777777778,380.2222222222245,2.446875560934984,704.6666666666679,0.0,0.05,0.0166666666666666,28,0.03,True,True,0.02941176470588247,0.05,True,True,7
0.84,0.02,0.02,0.75,0.1,3,0.7311111111111112,0.06,13321.11111111111,178.22047580590888,0.5377777777777778,0.0666666666666666,12603.111111111111,190.59735924601296,0.6777777777777777,0.1066666666666666,12927.555555555557,176.78882775392842,0.1933333333333333,717.9999999999982,-12.376883440104107,0.0533333333333334,393.5555555555548,1.43164805198046,717.9999999999982,0.0,0.05,0.0099999999999999,31,0.03,True,True,0.03044315329872438,0.05,True,True,8
0.84,0.03,0.02,0.75,0.1,3,0.7288888888888888,0.0533333333333333,13343.11111111111,179.94168458781365,0.5377777777777778,0.0666666666666666,12603.111111111111,190.59735924601296,0.6777777777777777,0.1066666666666666,12927.555555555557,176.78882775392842,0.191111111111111,739.9999999999982,-10.65567465819936,0.0511111111111111,415.5555555555548,3.1528568338852097,739.9999999999982,0.0,0.05,0.0033333333333333,32,0.03,True,True,0.03214494447691396,0.05,True,True,9
0.84,0.02,0.03,0.75,0.1,3,0.7266666666666667,0.06,13323.111111111111,178.63868376068376,0.5377777777777778,0.0666666666666666,12603.111111111111,190.59735924601296,0.6777777777777777,0.1066666666666666,12927.555555555557,176.78882775392842,0.1888888888888888,720.0,-11.958675485329223,0.0488888888888889,395.55555555555657,1.8498560067553456,720.0,0.0,0.05,0.0099999999999999,33,0.03,True,True,0.030597861587650765,0.05,True,True,10
0.84,0.04,0.02,0.75,0.1,3,0.7266666666666666,0.0533333333333333,13344.22222222222,180.15578075336444,0.5377777777777778,0.0666666666666666,12603.111111111111,190.59735924601296,0.6777777777777777,0.1066666666666666,12927.555555555557,176.78882775392842,0.1888888888888887,741.1111111111095,-10.441578492648546,0.0488888888888888,416.66666666666606,3.366952999436023,741.1111111111095,0.0,0.05,0.0033333333333333,34,0.03,True,True,0.03223089352631736,0.05,True,True,11
0.85,0.02,0.01,0.75,0.1,3,0.7266666666666666,0.08,13362.22222222222,179.0148629930744,0.5377777777777778,0.0666666666666666,12603.111111111111,190.59735924601296,0.6777777777777777,0.1066666666666666,12927.555555555557,176.78882775392842,0.1888888888888887,759.1111111111095,-11.582496252938595,0.0488888888888888,434.66666666666606,2.226035239145972,759.1111111111095,0.0,0.05,0.03,35,0.03,True,True,0.03362326812665439,0.05,True,True,12
0.84,0.03,0.03,0.75,0.1,3,0.7244444444444444,0.0533333333333333,13336.0,180.0201929969672,0.5377777777777778,0.0666666666666666,12603.111111111111,190.59735924601296,0.6777777777777777,0.1066666666666666,12927.555555555557,176.78882775392842,0.1866666666666666,732.8888888888887,-10.577166249045774,0.0466666666666667,408.44444444444525,3.2313652430387947,732.8888888888887,0.0,0.05,0.0033333333333333,36,0.03,True,True,0.031594870560731625,0.05,True,True,13
0.85,0.03,0.01,0.75,0.1,3,0.7244444444444444,0.08,13382.666666666666,179.57998380894557,0.5377777777777778,0.0666666666666666,12603.111111111111,190.59735924601296,0.6777777777777777,0.1066666666666666,12927.555555555557,176.78882775392842,0.1866666666666666,779.5555555555547,-11.017375437067416,0.0466666666666667,455.1111111111113,2.7911560550171544,779.5555555555547,0.0,0.05,0.03,37,0.03,True,True,0.03520473063567908,0.05,True,True,14
0.84,0.04,0.03,0.75,0.1,3,0.7222222222222223,0.0533333333333333,13339.333333333334,180.3175880244571,0.5377777777777778,0.0666666666666666,12603.111111111111,190.59735924601296,0.6777777777777777,0.1066666666666666,12927.555555555557,176.78882775392842,0.1844444444444445,736.2222222222226,-10.279771221555876,0.0444444444444446,411.7777777777792,3.528760270528693,736.2222222222226,0.0,0.05,0.0033333333333333,38,0.03,True,True,0.03185271770894205,0.05,True,True,15
0.85,0.04,0.01,0.75,0.1,3,0.7200000000000001,0.08,13386.0,179.44482249597172,0.5377777777777778,0.0666666666666666,12603.111111111111,190.59735924601296,0.6777777777777777,0.1066666666666666,12927.555555555557,176.78882775392842,0.1822222222222222,782.8888888888887,-11.152536750041264,0.0422222222222223,458.44444444444525,2.6559947420433048,782.8888888888887,0.0,0.05,0.03,39,0.03,True,True,0.035462577783889726,0.05,True,True,16
0.85,0.02,0.03,0.75,0.1,3,0.7177777777777777,0.0733333333333333,13381.77777777778,179.80241717878084,0.5377777777777778,0.0666666666666666,12603.111111111111,190.59735924601296,0.6777777777777777,0.1066666666666666,12927.555555555557,176.78882775392842,0.1799999999999999,778.6666666666679,-10.794942067232142,0.04,454.2222222222245,3.013589424852426,778.6666666666679,0.0,0.05,0.0233333333333333,40,0.03,True,True,0.03513597139615632,0.05,True,True,17
0.85,0.03,0.03,0.75,0.1,3,0.7177777777777777,0.0733333333333333,13396.888888888889,180.63896658896655,0.5377777777777778,0.0666666666666666,12603.111111111111,190.59735924601296,0.6777777777777777,0.1066666666666666,12927.555555555557,176.78882775392842,0.1799999999999999,793.7777777777774,-9.958392657046405,0.04,469.33333333333394,3.850138835038166,793.7777777777774,0.0,0.05,0.0233333333333333,41,0.03,True,True,0.03630487846804398,0.05,True,True,18
0.85,0.02,0.02,0.75,0.1,3,0.7177777777777777,0.08,13394.444444444443,179.3589566998658,0.5377777777777778,0.0666666666666666,12603.111111111111,190.59735924601296,0.6777777777777777,0.1066666666666666,12927.555555555557,176.78882775392842,0.1799999999999999,791.3333333333321,-11.2384025461472,0.04,466.8888888888887,2.5701289459373697,791.3333333333321,0.0,0.05,0.03,42,0.03,True,True,0.03611579055935632,0.05,True,True,19
0.85,0.03,0.02,0.75,0.1,3,0.7177777777777777,0.08,13402.444444444443,180.09319206046482,0.5377777777777778,0.0666666666666666,12603.111111111111,190.59735924601296,0.6777777777777777,0.1066666666666666,12927.555555555557,176.78882775392842,0.1799999999999999,799.3333333333339,-10.50416718554817,0.04,474.8888888888905,3.3043643065363995,799.3333333333339,0.0,0.05,0.03,43,0.03,True,True,0.03673462371506164,0.05,True,True,20
0.85,0.04,0.02,0.75,0.1,3,0.7155555555555555,0.08,13408.666666666666,180.2536920002161,0.5377777777777778,0.0666666666666666,12603.111111111111,190.59735924601296,0.6777777777777777,0.1066666666666666,12927.555555555557,176.78882775392842,0.1777777777777777,805.5555555555547,-10.343667245796894,0.0377777777777778,481.1111111111113,3.464864246287675,805.5555555555547,0.0,0.05,0.03,44,0.03,True,True,0.037215938391721215,0.05,True,True,21
0.85,0.04,0.03,0.75,0.1,3,0.7133333333333333,0.0733333333333333,13394.444444444443,180.32323232323236,0.5377777777777778,0.0666666666666666,12603.111111111111,190.59735924601296,0.6777777777777777,0.1066666666666666,12927.555555555557,176.78882775392842,0.1755555555555554,791.3333333333321,-10.274126922780653,0.0355555555555555,466.8888888888887,3.5344045693039163,791.3333333333321,0.0,0.05,0.0233333333333333,45,0.03,True,True,0.03611579055935632,0.05,True,True,22
0.85,0.03,0.01,0.9,0.1,3,0.7133333333333333,0.08,13366.22222222222,179.15489439853073,0.5377777777777778,0.0666666666666666,12603.111111111111,190.59735924601296,0.6777777777777777,0.1066666666666666,12927.555555555557,176.78882775392842,0.1755555555555554,763.1111111111095,-11.442464847482256,0.0355555555555555,438.66666666666606,2.366066644602313,763.1111111111095,0.0,0.05,0.03,46,0.03,True,True,0.033932684704506944,0.05,True,True,23
0.85,0.04,0.01,0.9,0.1,3,0.7133333333333333,0.08,13366.22222222222,179.74431588613405,0.5377777777777778,0.0666666666666666,12603.111111111111,190.59735924601296,0.6777777777777777,0.1066666666666666,12927.555555555557,176.78882775392842,0.1755555555555554,763.1111111111095,-10.85304335987894,0.0355555555555555,438.66666666666606,2.9554881322056303,763.1111111111095,0.0,0.05,0.03,47,0.03,True,True,0.033932684704506944,0.05,True,True,24
0.85,0.02,0.01,0.9,0.1,3,0.7133333333333333,0.08,13418.888888888889,179.93281910009182,0.5377777777777778,0.0666666666666666,12603.111111111111,190.59735924601296,0.6777777777777777,0.1066666666666666,12927.555555555557,176.78882775392842,0.1755555555555554,815.7777777777774,-10.664540145921166,0.0355555555555555,491.33333333333394,3.1439913461634035,815.7777777777774,0.0,0.05,0.03,48,0.03,True,True,0.03800666964623356,0.05,True,True,25
0.85,0.03,0.03,0.9,0.1,3,0.708888888888889,0.0733333333333333,13364.88888888889,180.20856009070292,0.5377777777777778,0.0666666666666666,12603.111111111111,190.59735924601296,0.6777777777777777,0.1066666666666666,12927.555555555557,176.78882775392842,0.1711111111111112,761.7777777777792,-10.38879915531004,0.0311111111111113,437.33333333333576,3.41973233677453,761.7777777777792,0.0,0.05,0.0233333333333333,49,0.03,True,True,0.03382954584522291,0.05,True,True,26
0.85,0.04,0.03,0.9,0.1,3,0.708888888888889,0.0733333333333333,13374.0,181.20826530612248,0.5377777777777778,0.0666666666666666,12603.111111111111,190.59735924601296,0.6777777777777777,0.1066666666666666,12927.555555555557,176.78882775392842,0.1711111111111112,770.8888888888887,-9.389093939890529,0.0311111111111113,446.44444444444525,4.41943755219404,770.8888888888887,0.0,0.05,0.0233333333333333,50,0.03,True,True,0.03453432805033163,0.05,True,True,27
0.85,0.03,0.02,0.9,0.1,3,0.708888888888889,0.08,13380.666666666666,179.66010204081633,0.5377777777777778,0.0666666666666666,12603.111111111111,190.59735924601296,0.6777777777777777,0.1066666666666666,12927.555555555557,176.78882775392842,0.1711111111111112,777.5555555555547,-10.93725720519666,0.0311111111111113,453.1111111111113,2.8712742868879104,777.5555555555547,0.0,0.05,0.03,51,0.03,True,True,0.035050022346752696,0.05,True,True,28
0.85,0.04,0.02,0.9,0.1,3,0.708888888888889,0.08,13381.555555555557,180.48980725623585,0.5377777777777778,0.0666666666666666,12603.111111111111,190.59735924601296,0.6777777777777777,0.1066666666666666,12927.555555555557,176.78882775392842,0.1711111111111112,778.4444444444434,-10.107551989777164,0.0311111111111113,454.0,3.700979502307405,778.4444444444434,0.0,0.05,0.03,52,0.03,True,True,0.03511878158627568,0.05,True,True,29
0.85,0.02,0.02,0.9,0.1,3,0.7066666666666667,0.0733333333333333,13446.444444444443,180.4075,0.5377777777777778,0.0666666666666666,12603.111111111111,190.59735924601296,0.6777777777777777,0.1066666666666666,12927.555555555557,176.78882775392842,0.1688888888888888,843.3333333333321,-10.189859246012986,0.0288888888888889,518.8888888888887,3.618672246071583,843.3333333333321,0.0,0.05,0.0233333333333333,53,0.03,True,True,0.040138206071440585,0.05,True,True,30
0.85,0.02,0.03,0.9,0.1,3,0.7044444444444444,0.0666666666666666,13448.444444444443,180.94604341736687,0.5377777777777778,0.0666666666666666,12603.111111111111,190.59735924601296,0.6777777777777777,0.1066666666666666,12927.555555555557,176.78882775392842,0.1666666666666666,845.3333333333339,-9.651315828646062,0.0266666666666667,520.8888888888905,4.157215663438507,845.3333333333339,0.0,0.05,0.0166666666666666,54,0.03,True,True,0.04029291436036697,0.05,True,True,31
0.84,0.03,0.01,0.9,0.1,3,0.7733333333333334,0.0933333333333333,12773.333333333334,172.8908080808081,0.5377777777777778,0.0666666666666666,12603.111111111111,190.59735924601296,0.6777777777777777,0.1066666666666666,12927.555555555557,176.78882775392842,0.2355555555555556,170.22222222222263,-17.70655116520487,0.0955555555555557,-154.2222222222208,-3.8980196731203023,170.22222222222263,0.0,0.05,0.0433333333333333,1,0.03,False,True,-0.011929728057207711,0.05,True,False,32
0.84,0.04,0.01,0.9,0.1,3,0.7733333333333334,0.0933333333333333,12784.22222222222,173.3641414141414,0.5377777777777778,0.0666666666666666,12603.111111111111,190.59735924601296,0.6777777777777777,0.1066666666666666,12927.555555555557,176.78882775392842,0.2355555555555556,181.1111111111095,-17.23321783187157,0.0955555555555557,-143.33333333333394,-3.424686339787001,181.1111111111095,0.0,0.05,0.0433333333333333,2,0.03,False,True,-0.01108742737305346,0.05,True,False,33
0.84,0.03,0.02,0.9,0.1,3,0.7688888888888888,0.0866666666666666,12752.222222222224,173.10988005050504,0.5377777777777778,0.0666666666666666,12603.111111111111,190.59735924601296,0.6777777777777777,0.1066666666666666,12927.555555555557,176.78882775392842,0.231111111111111,149.11111111111313,-17.487479195507944,0.0911111111111111,-175.3333333333303,-3.678947703423376,149.11111111111313,0.0,0.05,0.0366666666666666,3,0.03,False,True,-0.013562759995874307,0.05,True,False,34
0.84,0.04,0.02,0.9,0.1,3,0.7688888888888888,0.0866666666666666,12777.77777777778,173.80670454545452,0.5377777777777778,0.0666666666666666,12603.111111111111,190.59735924601296,0.6777777777777777,0.1066666666666666,12927.555555555557,176.78882775392842,0.231111111111111,174.66666666666788,-16.790654700558463,0.0911111111111111,-149.77777777777555,-2.982123208473894,174.66666666666788,0.0,0.05,0.0366666666666666,4,0.03,False,True,-0.011585931859593557,0.05,True,False,35
0.84,0.03,0.03,0.9,0.1,3,0.7666666666666666,0.0866666666666666,12767.77777777778,174.01367965367967,0.5377777777777778,0.0666666666666666,12603.111111111111,190.59735924601296,0.6777777777777777,0.1066666666666666,12927.555555555557,176.78882775392842,0.2288888888888888,164.66666666666788,-16.58367959233331,0.0888888888888889,-159.77777777777555,-2.7751481002487424,164.66666666666788,0.0,0.05,0.0366666666666666,5,0.03,False,True,-0.012359473304225266,0.05,True,False,36
0.84,0.04,0.03,0.9,0.1,3,0.7644444444444444,0.0866666666666666,12812.888888888889,174.8727557655802,0.5377777777777778,0.0666666666666666,12603.111111111111,190.59735924601296,0.6777777777777777,0.1066666666666666,12927.555555555557,176.78882775392842,0.2266666666666665,209.77777777777737,-15.72460348043279,0.0866666666666666,-114.66666666666606,-1.9160719883482216,209.77777777777737,0.0,0.05,0.0366666666666666,6,0.03,False,True,-0.008869941898442701,0.05,True,False,37
0.86,0.02,0.01,0.75,0.1,3,0.7555555555555555,0.1,13203.333333333334,176.202691574533,0.5377777777777778,0.0666666666666666,12603.111111111111,190.59735924601296,0.6777777777777777,0.1066666666666666,12927.555555555557,176.78882775392842,0.2177777777777777,600.2222222222226,-14.394667671479992,0.0777777777777778,275.7777777777792,-0.5861361793954245,600.2222222222226,0.0,0.05,0.05,7,0.03,False,True,0.021332554061952003,0.05,True,False,38
0.86,0.02,0.02,0.75,0.1,3,0.7533333333333333,0.0933333333333333,13213.555555555557,177.04236851092892,0.5377777777777778,0.0666666666666666,12603.111111111111,190.59735924601296,0.6777777777777777,0.1066666666666666,12927.555555555557,176.78882775392842,0.2155555555555555,610.4444444444453,-13.55499073508406,0.0755555555555556,286.0000000000018,0.2535407570005077,610.4444444444453,0.0,0.05,0.0433333333333333,9,0.03,False,True,0.022123285316464347,0.05,True,False,39
0.86,0.02,0.03,0.75,0.1,3,0.7533333333333333,0.0933333333333333,13220.666666666666,178.38505179872496,0.5377777777777778,0.0666666666666666,12603.111111111111,190.59735924601296,0.6777777777777777,0.1066666666666666,12927.555555555557,176.78882775392842,0.2155555555555555,617.5555555555547,-12.212307447288026,0.0755555555555556,293.1111111111113,1.5962240447965428,617.5555555555547,0.0,0.05,0.0433333333333333,10,0.03,False,True,0.022673359232646684,0.05,True,False,40
0.86,0.04,0.01,0.75,0.1,3,0.7511111111111112,0.0933333333333333,13209.111111111111,176.71332702264672,0.5377777777777778,0.0666666666666666,12603.111111111111,190.59735924601296,0.6777777777777777,0.1066666666666666,12927.555555555557,176.78882775392842,0.2133333333333333,606.0,-13.884032223366262,0.0733333333333334,281.55555555555657,-0.0755007312816928,606.0,0.0,0.05,0.0433333333333333,11,0.03,False,True,0.021779489118850304,0.05,True,False,41
0.86,0.03,0.01,0.75,0.1,3,0.7511111111111112,0.1,13220.444444444443,176.495844412891,0.5377777777777778,0.0666666666666666,12603.111111111111,190.59735924601296,0.6777777777777777,0.1066666666666666,12927.555555555557,176.78882775392842,0.2133333333333333,617.3333333333321,-14.101514833121996,0.0733333333333334,292.8888888888887,-0.2929833410374272,617.3333333333321,0.0,0.05,0.05,12,0.03,False,True,0.022656169422766048,0.05,True,False,42
0.86,0.04,0.02,0.75,0.1,3,0.7488888888888888,0.0866666666666666,13204.666666666666,177.39366814120913,0.5377777777777778,0.0666666666666666,12603.111111111111,190.59735924601296,0.6777777777777777,0.1066666666666666,12927.555555555557,176.78882775392842,0.211111111111111,601.5555555555547,-13.203691104803852,0.0711111111111111,277.1111111111113,0.6048403872807171,601.5555555555547,0.0,0.05,0.0366666666666666,14,0.03,False,True,0.02143569292123626,0.05,True,False,43
0.86,0.03,0.03,0.75,0.1,3,0.7488888888888888,0.0866666666666666,13221.11111111111,178.49350680891666,0.5377777777777778,0.0666666666666666,12603.111111111111,190.59735924601296,0.6777777777777777,0.1066666666666666,12927.555555555557,176.78882775392842,0.211111111111111,617.9999999999982,-12.103852437096322,0.0711111111111111,293.55555555555475,1.7046790549882471,617.9999999999982,0.0,0.05,0.0366666666666666,15,0.03,False,True,0.022707738852408177,0.05,True,False,44
0.86,0.03,0.02,0.75,0.1,3,0.7488888888888888,0.0933333333333333,13220.0,177.22028449995662,0.5377777777777778,0.0666666666666666,12603.111111111111,190.59735924601296,0.6777777777777777,0.1066666666666666,12927.555555555557,176.78882775392842,0.211111111111111,616.8888888888887,-13.377074746056364,0.0711111111111111,292.44444444444525,0.4314567460282035,616.8888888888887,0.0,0.05,0.0433333333333333,16,0.03,False,True,0.022621789803004777,0.05,True,False,45
0.86,0.02,0.01,0.9,0.1,3,0.7444444444444445,0.1,13125.77777777778,175.099449981543,0.5377777777777778,0.0666666666666666,12603.111111111111,190.59735924601296,0.6777777777777777,0.1066666666666666,12927.555555555557,176.78882775392842,0.2066666666666666,522.6666666666679,-15.497909264469996,0.0666666666666667,198.22222222222445,-1.689377772385427,522.6666666666679,0.0,0.05,0.05,19,0.03,False,True,0.015333310413586876,0.05,True,False,46
0.86,0.04,0.01,0.9,0.1,3,0.7422222222222222,0.0933333333333333,13143.111111111111,176.68313988095238,0.5377777777777778,0.0666666666666666,12603.111111111111,190.59735924601296,0.6777777777777777,0.1066666666666666,12927.555555555557,176.78882775392842,0.2044444444444444,540.0,-13.914219365060603,0.0644444444444445,215.55555555555657,-0.1056878729760342,540.0,0.0,0.05,0.0433333333333333,20,0.03,False,True,0.016674115584281557,0.05,True,False,47
0.86,0.03,0.01,0.9,0.1,3,0.7422222222222222,0.1,13142.444444444443,176.23276289682542,0.5377777777777778,0.0666666666666666,12603.111111111111,190.59735924601296,0.6777777777777777,0.1066666666666666,12927.555555555557,176.78882775392842,0.2044444444444444,539.3333333333321,-14.364596349187565,0.0644444444444445,214.8888888888887,-0.5560648571029958,539.3333333333321,0.0,0.05,0.05,21,0.03,False,True,0.016622546154639428,0.05,True,False,48
0.86,0.02,0.03,0.9,0.1,3,0.7377777777777778,0.0933333333333333,13161.333333333334,176.58994708994712,0.5377777777777778,0.0666666666666666,12603.111111111111,190.59735924601296,0.6777777777777777,0.1066666666666666,12927.555555555557,176.78882775392842,0.1999999999999999,558.2222222222226,-14.007412156065868,0.06,233.7777777777792,-0.1988806639812992,558.2222222222226,0.0,0.05,0.0433333333333333,24,0.03,False,True,0.018083679994499224,0.05,True,False,49
0.86,0.03,0.03,0.9,0.1,3,0.7377777777777778,0.0933333333333333,13167.555555555557,177.8626984126984,0.5377777777777778,0.0666666666666666,12603.111111111111,190.59735924601296,0.6777777777777777,0.1066666666666666,12927.555555555557,176.78882775392842,0.1999999999999999,564.4444444444434,-12.734660833314592,0.06,240.0,1.073870658769977,564.4444444444434,0.0,0.05,0.0433333333333333,25,0.03,False,True,0.01856499467115902,0.05,True,False,50
0.86,0.03,0.02,0.9,0.1,3,0.7377777777777778,0.1,13150.888888888889,176.81092592592594,0.5377777777777778,0.0666666666666666,12603.111111111111,190.59735924601296,0.6777777777777777,0.1066666666666666,12927.555555555557,176.78882775392842,0.1999999999999999,547.7777777777774,-13.786433320087042,0.06,223.33333333333397,0.022098171997527,547.7777777777774,0.0,0.05,0.05,26,0.03,False,True,0.017275758930106244,0.05,True,False,51
0.86,0.02,0.02,0.9,0.1,3,0.7377777777777778,0.1,13151.555555555557,175.69256613756613,0.5377777777777778,0.0666666666666666,12603.111111111111,190.59735924601296,0.6777777777777777,0.1066666666666666,12927.555555555557,176.78882775392842,0.1999999999999999,548.4444444444434,-14.904793108446851,0.06,224.0,-1.096261616362284,548.4444444444434,0.0,0.05,0.05,27,0.03,False,True,0.017327328359748373,0.05,True,False,52
0.86,0.04,0.03,0.9,0.1,3,0.7355555555555555,0.0866666666666666,13186.0,178.7770177970178,0.5377777777777778,0.0666666666666666,12603.111111111111,190.59735924601296,0.6777777777777777,0.1066666666666666,12927.555555555557,176.78882775392842,0.1977777777777777,582.8888888888887,-11.82034144899518,0.0577777777777778,258.44444444444525,1.9881900430893893,582.8888888888887,0.0,0.05,0.0366666666666666,29,0.03,False,True,0.0199917488912571,0.05,True,False,53
0.86,0.04,0.02,0.9,0.1,3,0.7355555555555555,0.0933333333333333,13160.0,177.04570466570468,0.5377777777777778,0.0666666666666666,12603.111111111111,190.59735924601296,0.6777777777777777,0.1066666666666666,12927.555555555557,176.78882775392842,0.1977777777777777,556.8888888888887,-13.551654580308307,0.0577777777777778,232.44444444444525,0.2568769117762599,556.8888888888887,0.0,0.05,0.0433333333333333,30,0.03,False,True,0.017980541135214967,0.05,True,False,54
