eir_gate_quantile,hysteresis_margin_eir,gate_hysteresis_margin,w2,focus_max_a1,num_focus_points,eir_mean_P_D,eir_mean_P_FA,eir_mean_C_H1,eir_mean_delay,tr_mean_P_D,tr_mean_P_FA,tr_mean_C_H1,tr_mean_delay,rr_mean_P_D,rr_mean_P_FA,rr_mean_C_H1,rr_mean_delay,delta_P_D_vs_TR,delta_C_H1_vs_TR,delta_delay_vs_TR,delta_P_D_vs_RR,delta_C_H1_vs_RR,delta_delay_vs_RR,traffic_penalty_vs_TR,delay_penalty_vs_TR,target_P_FA,pfa_abs_deviation,soft_rank
0.84,0.03,0.01,0.9,0.1,3,0.7733333333333334,0.09333333333333334,12773.333333333334,172.8908080808081,0.5377777777777778,0.06666666666666667,12603.111111111111,190.59735924601299,0.6777777777777777,0.10666666666666667,12927.555555555555,176.78882775392842,0.23555555555555563,170.22222222222263,-17.70655116520487,0.09555555555555573,-154.2222222222208,-3.8980196731203023,170.22222222222263,0.0,0.05,0.043333333333333335,1
0.84,0.04,0.01,0.9,0.1,3,0.7733333333333334,0.09333333333333334,12784.22222222222,173.36414141414141,0.5377777777777778,0.06666666666666667,12603.111111111111,190.59735924601299,0.6777777777777777,0.10666666666666667,12927.555555555555,176.78882775392842,0.23555555555555563,181.1111111111095,-17.23321783187157,0.09555555555555573,-143.33333333333394,-3.4246863397870015,181.1111111111095,0.0,0.05,0.043333333333333335,2
0.84,0.03,0.02,0.9,0.1,3,0.7688888888888888,0.08666666666666667,12752.222222222224,173.10988005050504,0.5377777777777778,0.06666666666666667,12603.111111111111,190.59735924601299,0.6777777777777777,0.10666666666666667,12927.555555555555,176.78882775392842,0.23111111111111104,149.11111111111313,-17.487479195507944,0.09111111111111114,-175.3333333333303,-3.6789477034233755,149.11111111111313,0.0,0.05,0.03666666666666667,3
0.84,0.04,0.02,0.9,0.1,3,0.7688888888888888,0.08666666666666667,12777.77777777778,173.80670454545452,0.5377777777777778,0.06666666666666667,12603.111111111111,190.59735924601299,0.6777777777777777,0.10666666666666667,12927.555555555555,176.78882775392842,0.23111111111111104,174.66666666666788,-16.790654700558463,0.09111111111111114,-149.77777777777555,-2.982123208473894,174.66666666666788,0.0,0.05,0.03666666666666667,4
0.84,0.03,0.03,0.9,0.1,3,0.7666666666666666,0.08666666666666667,12767.77777777778,174.01367965367967,0.5377777777777778,0.06666666666666667,12603.111111111111,190.59735924601299,0.6777777777777777,0.10666666666666667,12927.555555555555,176.78882775392842,0.2288888888888888,164.66666666666788,-16.58367959233331,0.0888888888888889,-159.77777777777555,-2.7751481002487424,164.66666666666788,0.0,0.05,0.03666666666666667,5
0.84,0.04,0.03,0.9,0.1,3,0.7644444444444444,0.08666666666666667,12812.888888888889,174.8727557655802,0.5377777777777778,0.06666666666666667,12603.111111111111,190.59735924601299,0.6777777777777777,0.10666666666666667,12927.555555555555,176.78882775392842,0.22666666666666657,209.77777777777737,-15.72460348043279,0.08666666666666667,-114.66666666666606,-1.9160719883482216,209.77777777777737,0.0,0.05,0.03666666666666667,6
0.86,0.02,0.01,0.75,0.1,3,0.7555555555555555,0.10000000000000002,13203.333333333334,176.202691574533,0.5377777777777778,0.06666666666666667,12603.111111111111,190.59735924601299,0.6777777777777777,0.10666666666666667,12927.555555555555,176.78882775392842,0.21777777777777774,600.2222222222226,-14.394667671479993,0.07777777777777783,275.7777777777792,-0.5861361793954245,600.2222222222226,0.0,0.05,0.05000000000000002,7
0.84,0.02,0.01,0.9,0.1,3,0.7533333333333333,0.07333333333333333,13098.444444444445,177.38855297157622,0.5377777777777778,0.06666666666666667,12603.111111111111,190.59735924601299,0.6777777777777777,0.10666666666666667,12927.555555555555,176.78882775392842,0.2155555555555555,495.33333333333394,-13.208806274436768,0.0755555555555556,170.8888888888905,0.5997252176478014,495.33333333333394,0.0,0.05,0.02333333333333333,8
0.86,0.02,0.02,0.75,0.1,3,0.7533333333333333,0.09333333333333334,13213.555555555557,177.04236851092892,0.5377777777777778,0.06666666666666667,12603.111111111111,190.59735924601299,0.6777777777777777,0.10666666666666667,12927.555555555555,176.78882775392842,0.2155555555555555,610.4444444444453,-13.554990735084061,0.0755555555555556,286.0000000000018,0.2535407570005077,610.4444444444453,0.0,0.05,0.043333333333333335,9
0.86,0.02,0.03,0.75,0.1,3,0.7533333333333333,0.09333333333333334,13220.666666666666,178.38505179872496,0.5377777777777778,0.06666666666666667,12603.111111111111,190.59735924601299,0.6777777777777777,0.10666666666666667,12927.555555555555,176.78882775392842,0.2155555555555555,617.5555555555547,-12.212307447288026,0.0755555555555556,293.1111111111113,1.5962240447965428,617.5555555555547,0.0,0.05,0.043333333333333335,10
0.86,0.04,0.01,0.75,0.1,3,0.7511111111111112,0.09333333333333334,13209.111111111111,176.71332702264672,0.5377777777777778,0.06666666666666667,12603.111111111111,190.59735924601299,0.6777777777777777,0.10666666666666667,12927.555555555555,176.78882775392842,0.21333333333333337,606.0,-13.884032223366262,0.07333333333333347,281.55555555555657,-0.07550073128169288,606.0,0.0,0.05,0.043333333333333335,11
0.86,0.03,0.01,0.75,0.1,3,0.7511111111111112,0.10000000000000002,13220.444444444443,176.495844412891,0.5377777777777778,0.06666666666666667,12603.111111111111,190.59735924601299,0.6777777777777777,0.10666666666666667,12927.555555555555,176.78882775392842,0.21333333333333337,617.3333333333321,-14.101514833121996,0.07333333333333347,292.8888888888887,-0.2929833410374272,617.3333333333321,0.0,0.05,0.05000000000000002,12
0.86,0.04,0.03,0.75,0.1,3,0.7488888888888888,0.08,13201.555555555557,178.6673813860699,0.5377777777777778,0.06666666666666667,12603.111111111111,190.59735924601299,0.6777777777777777,0.10666666666666667,12927.555555555555,176.78882775392842,0.21111111111111103,598.4444444444453,-11.92997785994308,0.07111111111111112,274.0000000000018,1.8785536321414895,598.4444444444453,0.0,0.05,0.03,13
0.86,0.04,0.02,0.75,0.1,3,0.7488888888888888,0.08666666666666667,13204.666666666666,177.39366814120913,0.5377777777777778,0.06666666666666667,12603.111111111111,190.59735924601299,0.6777777777777777,0.10666666666666667,12927.555555555555,176.78882775392842,0.21111111111111103,601.5555555555547,-13.203691104803852,0.07111111111111112,277.1111111111113,0.6048403872807171,601.5555555555547,0.0,0.05,0.03666666666666667,14
0.86,0.03,0.03,0.75,0.1,3,0.7488888888888888,0.08666666666666667,13221.11111111111,178.49350680891666,0.5377777777777778,0.06666666666666667,12603.111111111111,190.59735924601299,0.6777777777777777,0.10666666666666667,12927.555555555555,176.78882775392842,0.21111111111111103,617.9999999999982,-12.103852437096322,0.07111111111111112,293.55555555555475,1.7046790549882473,617.9999999999982,0.0,0.05,0.03666666666666667,15
0.86,0.03,0.02,0.75,0.1,3,0.7488888888888888,0.09333333333333334,13220.0,177.22028449995662,0.5377777777777778,0.06666666666666667,12603.111111111111,190.59735924601299,0.6777777777777777,0.10666666666666667,12927.555555555555,176.78882775392842,0.21111111111111103,616.8888888888887,-13.377074746056365,0.07111111111111112,292.44444444444525,0.4314567460282035,616.8888888888887,0.0,0.05,0.043333333333333335,16
0.84,0.02,0.02,0.9,0.1,3,0.7466666666666667,0.07333333333333333,13124.444444444445,177.91784123563218,0.5377777777777778,0.06666666666666667,12603.111111111111,190.59735924601299,0.6777777777777777,0.10666666666666667,12927.555555555555,176.78882775392842,0.2088888888888889,521.3333333333339,-12.679518010380804,0.068888888888889,196.8888888888905,1.1290134817037654,521.3333333333339,0.0,0.05,0.02333333333333333,17
0.84,0.02,0.03,0.9,0.1,3,0.7444444444444445,0.07333333333333333,13153.777777777776,179.05352339181286,0.5377777777777778,0.06666666666666667,12603.111111111111,190.59735924601299,0.6777777777777777,0.10666666666666667,12927.555555555555,176.78882775392842,0.20666666666666667,550.6666666666642,-11.543835854200125,0.06666666666666676,226.2222222222208,2.2646956378844436,550.6666666666642,0.0,0.05,0.02333333333333333,18
0.86,0.02,0.01,0.9,0.1,3,0.7444444444444445,0.10000000000000002,13125.77777777778,175.099449981543,0.5377777777777778,0.06666666666666667,12603.111111111111,190.59735924601299,0.6777777777777777,0.10666666666666667,12927.555555555555,176.78882775392842,0.20666666666666667,522.6666666666679,-15.497909264469996,0.06666666666666676,198.22222222222445,-1.689377772385427,522.6666666666679,0.0,0.05,0.05000000000000002,19
0.86,0.04,0.01,0.9,0.1,3,0.7422222222222222,0.09333333333333334,13143.111111111111,176.68313988095238,0.5377777777777778,0.06666666666666667,12603.111111111111,190.59735924601299,0.6777777777777777,0.10666666666666667,12927.555555555555,176.78882775392842,0.20444444444444443,540.0,-13.914219365060603,0.06444444444444453,215.55555555555657,-0.10568787297603421,540.0,0.0,0.05,0.043333333333333335,20
0.86,0.03,0.01,0.9,0.1,3,0.7422222222222222,0.10000000000000002,13142.444444444443,176.23276289682542,0.5377777777777778,0.06666666666666667,12603.111111111111,190.59735924601299,0.6777777777777777,0.10666666666666667,12927.555555555555,176.78882775392842,0.20444444444444443,539.3333333333321,-14.364596349187565,0.06444444444444453,214.8888888888887,-0.5560648571029958,539.3333333333321,0.0,0.05,0.05000000000000002,21
0.84,0.02,0.01,0.75,0.1,3,0.7377777777777778,0.06666666666666667,13302.666666666666,177.97440972222225,0.5377777777777778,0.06666666666666667,12603.111111111111,190.59735924601299,0.6777777777777777,0.10666666666666667,12927.555555555555,176.78882775392842,0.19999999999999996,699.5555555555547,-12.622949523790737,0.06000000000000005,375.1111111111113,1.1855819682938318,699.5555555555547,0.0,0.05,0.016666666666666663,22
0.84,0.03,0.01,0.75,0.1,3,0.7377777777777778,0.06666666666666667,13303.333333333334,179.21560645828364,0.5377777777777778,0.06666666666666667,12603.111111111111,190.59735924601299,0.6777777777777777,0.10666666666666667,12927.555555555555,176.78882775392842,0.19999999999999996,700.2222222222226,-11.38175278772934,0.06000000000000005,375.7777777777792,2.426778704355229,700.2222222222226,0.0,0.05,0.016666666666666663,23
0.86,0.02,0.03,0.9,0.1,3,0.7377777777777778,0.09333333333333334,13161.333333333334,176.58994708994712,0.5377777777777778,0.06666666666666667,12603.111111111111,190.59735924601299,0.6777777777777777,0.10666666666666667,12927.555555555555,176.78882775392842,0.19999999999999996,558.2222222222226,-14.007412156065868,0.06000000000000005,233.7777777777792,-0.19888066398129922,558.2222222222226,0.0,0.05,0.043333333333333335,24
0.86,0.03,0.03,0.9,0.1,3,0.7377777777777778,0.09333333333333334,13167.555555555555,177.8626984126984,0.5377777777777778,0.06666666666666667,12603.111111111111,190.59735924601299,0.6777777777777777,0.10666666666666667,12927.555555555555,176.78882775392842,0.19999999999999996,564.4444444444434,-12.734660833314592,0.06000000000000005,240.0,1.0738706587699767,564.4444444444434,0.0,0.05,0.043333333333333335,25
0.86,0.03,0.02,0.9,0.1,3,0.7377777777777778,0.10000000000000002,13150.888888888889,176.81092592592594,0.5377777777777778,0.06666666666666667,12603.111111111111,190.59735924601299,0.6777777777777777,0.10666666666666667,12927.555555555555,176.78882775392842,0.19999999999999996,547.7777777777774,-13.786433320087042,0.06000000000000005,223.33333333333394,0.02209817199752706,547.7777777777774,0.0,0.05,0.05000000000000002,26
0.86,0.02,0.02,0.9,0.1,3,0.7377777777777778,0.10000000000000002,13151.555555555555,175.69256613756613,0.5377777777777778,0.06666666666666667,12603.111111111111,190.59735924601299,0.6777777777777777,0.10666666666666667,12927.555555555555,176.78882775392842,0.19999999999999996,548.4444444444434,-14.904793108446853,0.06000000000000005,224.0,-1.096261616362284,548.4444444444434,0.0,0.05,0.05000000000000002,27
0.84,0.04,0.01,0.75,0.1,3,0.7355555555555555,0.06666666666666667,13307.77777777778,179.2357033148634,0.5377777777777778,0.06666666666666667,12603.111111111111,190.59735924601299,0.6777777777777777,0.10666666666666667,12927.555555555555,176.78882775392842,0.19777777777777772,704.6666666666679,-11.361655931149585,0.05777777777777782,380.22222222222445,2.446875560934984,704.6666666666679,0.0,0.05,0.016666666666666663,28
0.86,0.04,0.03,0.9,0.1,3,0.7355555555555555,0.08666666666666667,13186.0,178.7770177970178,0.5377777777777778,0.06666666666666667,12603.111111111111,190.59735924601299,0.6777777777777777,0.10666666666666667,12927.555555555555,176.78882775392842,0.19777777777777772,582.8888888888887,-11.82034144899518,0.05777777777777782,258.44444444444525,1.9881900430893893,582.8888888888887,0.0,0.05,0.03666666666666667,29
0.86,0.04,0.02,0.9,0.1,3,0.7355555555555555,0.09333333333333334,13160.0,177.04570466570468,0.5377777777777778,0.06666666666666667,12603.111111111111,190.59735924601299,0.6777777777777777,0.10666666666666667,12927.555555555555,176.78882775392842,0.19777777777777772,556.8888888888887,-13.551654580308309,0.05777777777777782,232.44444444444525,0.25687691177625993,556.8888888888887,0.0,0.05,0.043333333333333335,30
0.84,0.02,0.02,0.75,0.1,3,0.7311111111111112,0.06,13321.11111111111,178.22047580590888,0.5377777777777778,0.06666666666666667,12603.111111111111,190.59735924601299,0.6777777777777777,0.10666666666666667,12927.555555555555,176.78882775392842,0.19333333333333336,717.9999999999982,-12.376883440104109,0.053333333333333455,393.55555555555475,1.43164805198046,717.9999999999982,0.0,0.05,0.009999999999999995,31
0.84,0.03,0.02,0.75,0.1,3,0.7288888888888888,0.05333333333333334,13343.11111111111,179.94168458781363,0.5377777777777778,0.06666666666666667,12603.111111111111,190.59735924601299,0.6777777777777777,0.10666666666666667,12927.555555555555,176.78882775392842,0.191111111111111,739.9999999999982,-10.65567465819936,0.05111111111111111,415.55555555555475,3.1528568338852097,739.9999999999982,0.0,0.05,0.003333333333333334,32
0.84,0.02,0.03,0.75,0.1,3,0.7266666666666667,0.06,13323.111111111111,178.63868376068376,0.5377777777777778,0.06666666666666667,12603.111111111111,190.59735924601299,0.6777777777777777,0.10666666666666667,12927.555555555555,176.78882775392842,0.18888888888888888,720.0,-11.958675485329223,0.04888888888888898,395.55555555555657,1.8498560067553456,720.0,0.0,0.05,0.009999999999999995,33
0.84,0.04,0.02,0.75,0.1,3,0.7266666666666666,0.05333333333333334,13344.22222222222,180.15578075336444,0.5377777777777778,0.06666666666666667,12603.111111111111,190.59735924601299,0.6777777777777777,0.10666666666666667,12927.555555555555,176.78882775392842,0.18888888888888877,741.1111111111095,-10.441578492648546,0.04888888888888887,416.66666666666606,3.366952999436023,741.1111111111095,0.0,0.05,0.003333333333333334,34
0.85,0.02,0.01,0.75,0.1,3,0.7266666666666666,0.08,13362.22222222222,179.0148629930744,0.5377777777777778,0.06666666666666667,12603.111111111111,190.59735924601299,0.6777777777777777,0.10666666666666667,12927.555555555555,176.78882775392842,0.18888888888888877,759.1111111111095,-11.582496252938597,0.04888888888888887,434.66666666666606,2.226035239145972,759.1111111111095,0.0,0.05,0.03,35
0.84,0.03,0.03,0.75,0.1,3,0.7244444444444444,0.05333333333333334,13336.0,180.0201929969672,0.5377777777777778,0.06666666666666667,12603.111111111111,190.59735924601299,0.6777777777777777,0.10666666666666667,12927.555555555555,176.78882775392842,0.18666666666666665,732.8888888888887,-10.577166249045774,0.046666666666666745,408.44444444444525,3.2313652430387947,732.8888888888887,0.0,0.05,0.003333333333333334,36
0.85,0.03,0.01,0.75,0.1,3,0.7244444444444444,0.08,13382.666666666666,179.57998380894557,0.5377777777777778,0.06666666666666667,12603.111111111111,190.59735924601299,0.6777777777777777,0.10666666666666667,12927.555555555555,176.78882775392842,0.18666666666666665,779.5555555555547,-11.017375437067415,0.046666666666666745,455.1111111111113,2.7911560550171544,779.5555555555547,0.0,0.05,0.03,37
0.84,0.04,0.03,0.75,0.1,3,0.7222222222222223,0.05333333333333334,13339.333333333334,180.3175880244571,0.5377777777777778,0.06666666666666667,12603.111111111111,190.59735924601299,0.6777777777777777,0.10666666666666667,12927.555555555555,176.78882775392842,0.18444444444444452,736.2222222222226,-10.279771221555876,0.04444444444444462,411.7777777777792,3.528760270528693,736.2222222222226,0.0,0.05,0.003333333333333334,38
0.85,0.04,0.01,0.75,0.1,3,0.7200000000000001,0.08,13386.0,179.44482249597172,0.5377777777777778,0.06666666666666667,12603.111111111111,190.59735924601299,0.6777777777777777,0.10666666666666667,12927.555555555555,176.78882775392842,0.18222222222222229,782.8888888888887,-11.152536750041264,0.04222222222222238,458.44444444444525,2.6559947420433048,782.8888888888887,0.0,0.05,0.03,39
0.85,0.02,0.03,0.75,0.1,3,0.7177777777777777,0.07333333333333333,13381.77777777778,179.80241717878084,0.5377777777777778,0.06666666666666667,12603.111111111111,190.59735924601299,0.6777777777777777,0.10666666666666667,12927.555555555555,176.78882775392842,0.17999999999999994,778.6666666666679,-10.794942067232142,0.040000000000000036,454.22222222222445,3.0135894248524266,778.6666666666679,0.0,0.05,0.02333333333333333,40
0.85,0.03,0.03,0.75,0.1,3,0.7177777777777777,0.07333333333333333,13396.888888888889,180.63896658896658,0.5377777777777778,0.06666666666666667,12603.111111111111,190.59735924601299,0.6777777777777777,0.10666666666666667,12927.555555555555,176.78882775392842,0.17999999999999994,793.7777777777774,-9.958392657046403,0.040000000000000036,469.33333333333394,3.850138835038166,793.7777777777774,0.0,0.05,0.02333333333333333,41
0.85,0.02,0.02,0.75,0.1,3,0.7177777777777777,0.08,13394.444444444443,179.3589566998658,0.5377777777777778,0.06666666666666667,12603.111111111111,190.59735924601299,0.6777777777777777,0.10666666666666667,12927.555555555555,176.78882775392842,0.17999999999999994,791.3333333333321,-11.2384025461472,0.040000000000000036,466.8888888888887,2.5701289459373697,791.3333333333321,0.0,0.05,0.03,42
0.85,0.03,0.02,0.75,0.1,3,0.7177777777777777,0.08,13402.444444444445,180.09319206046482,0.5377777777777778,0.06666666666666667,12603.111111111111,190.59735924601299,0.6777777777777777,0.10666666666666667,12927.555555555555,176.78882775392842,0.17999999999999994,799.3333333333339,-10.50416718554817,0.040000000000000036,474.8888888888905,3.3043643065363995,799.3333333333339,0.0,0.05,0.03,43
0.85,0.04,0.02,0.75,0.1,3,0.7155555555555555,0.08,13408.666666666666,180.2536920002161,0.5377777777777778,0.06666666666666667,12603.111111111111,190.59735924601299,0.6777777777777777,0.10666666666666667,12927.555555555555,176.78882775392842,0.1777777777777777,805.5555555555547,-10.343667245796894,0.0377777777777778,481.1111111111113,3.464864246287675,805.5555555555547,0.0,0.05,0.03,44
0.85,0.04,0.03,0.75,0.1,3,0.7133333333333333,0.07333333333333333,13394.444444444443,180.32323232323233,0.5377777777777778,0.06666666666666667,12603.111111111111,190.59735924601299,0.6777777777777777,0.10666666666666667,12927.555555555555,176.78882775392842,0.17555555555555546,791.3333333333321,-10.274126922780653,0.03555555555555556,466.8888888888887,3.5344045693039163,791.3333333333321,0.0,0.05,0.02333333333333333,45
0.85,0.03,0.01,0.9,0.1,3,0.7133333333333333,0.08,13366.22222222222,179.15489439853073,0.5377777777777778,0.06666666666666667,12603.111111111111,190.59735924601299,0.6777777777777777,0.10666666666666667,12927.555555555555,176.78882775392842,0.17555555555555546,763.1111111111095,-11.442464847482256,0.03555555555555556,438.66666666666606,2.366066644602313,763.1111111111095,0.0,0.05,0.03,46
0.85,0.04,0.01,0.9,0.1,3,0.7133333333333333,0.08,13366.22222222222,179.74431588613405,0.5377777777777778,0.06666666666666667,12603.111111111111,190.59735924601299,0.6777777777777777,0.10666666666666667,12927.555555555555,176.78882775392842,0.17555555555555546,763.1111111111095,-10.853043359878939,0.03555555555555556,438.66666666666606,2.9554881322056303,763.1111111111095,0.0,0.05,0.03,47
0.85,0.02,0.01,0.9,0.1,3,0.7133333333333333,0.08,13418.888888888889,179.93281910009182,0.5377777777777778,0.06666666666666667,12603.111111111111,190.59735924601299,0.6777777777777777,0.10666666666666667,12927.555555555555,176.78882775392842,0.17555555555555546,815.7777777777774,-10.664540145921166,0.03555555555555556,491.33333333333394,3.1439913461634035,815.7777777777774,0.0,0.05,0.03,48
0.85,0.03,0.03,0.9,0.1,3,0.708888888888889,0.07333333333333333,13364.88888888889,180.20856009070295,0.5377777777777778,0.06666666666666667,12603.111111111111,190.59735924601299,0.6777777777777777,0.10666666666666667,12927.555555555555,176.78882775392842,0.1711111111111112,761.7777777777792,-10.38879915531004,0.03111111111111131,437.33333333333576,3.41973233677453,761.7777777777792,0.0,0.05,0.02333333333333333,49
0.85,0.04,0.03,0.9,0.1,3,0.708888888888889,0.07333333333333333,13374.0,181.20826530612246,0.5377777777777778,0.06666666666666667,12603.111111111111,190.59735924601299,0.6777777777777777,0.10666666666666667,12927.555555555555,176.78882775392842,0.1711111111111112,770.8888888888887,-9.389093939890529,0.03111111111111131,446.44444444444525,4.41943755219404,770.8888888888887,0.0,0.05,0.02333333333333333,50
0.85,0.03,0.02,0.9,0.1,3,0.708888888888889,0.08,13380.666666666666,179.66010204081633,0.5377777777777778,0.06666666666666667,12603.111111111111,190.59735924601299,0.6777777777777777,0.10666666666666667,12927.555555555555,176.78882775392842,0.1711111111111112,777.5555555555547,-10.937257205196659,0.03111111111111131,453.1111111111113,2.8712742868879104,777.5555555555547,0.0,0.05,0.03,51
0.85,0.04,0.02,0.9,0.1,3,0.708888888888889,0.08,13381.555555555555,180.48980725623582,0.5377777777777778,0.06666666666666667,12603.111111111111,190.59735924601299,0.6777777777777777,0.10666666666666667,12927.555555555555,176.78882775392842,0.1711111111111112,778.4444444444434,-10.107551989777164,0.03111111111111131,454.0,3.700979502307405,778.4444444444434,0.0,0.05,0.03,52
0.85,0.02,0.02,0.9,0.1,3,0.7066666666666667,0.07333333333333333,13446.444444444443,180.4075,0.5377777777777778,0.06666666666666667,12603.111111111111,190.59735924601299,0.6777777777777777,0.10666666666666667,12927.555555555555,176.78882775392842,0.16888888888888887,843.3333333333321,-10.189859246012986,0.028888888888888964,518.8888888888887,3.6186722460715828,843.3333333333321,0.0,0.05,0.02333333333333333,53
0.85,0.02,0.03,0.9,0.1,3,0.7044444444444444,0.06666666666666667,13448.444444444445,180.94604341736692,0.5377777777777778,0.06666666666666667,12603.111111111111,190.59735924601299,0.6777777777777777,0.10666666666666667,12927.555555555555,176.78882775392842,0.16666666666666663,845.3333333333339,-9.651315828646062,0.026666666666666727,520.8888888888905,4.157215663438507,845.3333333333339,0.0,0.05,0.016666666666666663,54
