strategy,state_h1,trial_index,scenario_seed,seed_phase,seed_namespace,max_gateway_evidence,transmissions,gateway_threshold,a1,a2,sweep_scope
RR,0,0,6942901201456939297,gateway_calibration,sweep:anomaly_pair:shared_scenarios,569.5218307162426,89,796.9047086849398,,,shared_all_anomaly_strengths
RR,0,1,3707311459125033713,gateway_calibration,sweep:anomaly_pair:shared_scenarios,637.0129746969429,117,796.9047086849398,,,shared_all_anomaly_strengths
RR,0,2,6525899029649517457,gateway_calibration,sweep:anomaly_pair:shared_scenarios,668.8897900431724,140,796.9047086849398,,,shared_all_anomaly_strengths
RR,0,3,7579878600958796329,gateway_calibration,sweep:anomaly_pair:shared_scenarios,692.9364560394724,120,796.9047086849398,,,shared_all_anomaly_strengths
RR,0,4,1995048182365014103,gateway_calibration,sweep:anomaly_pair:shared_scenarios,864.7108012044494,147,796.9047086849398,,,shared_all_anomaly_strengths
RR,0,5,3295882431625053650,gateway_calibration,sweep:anomaly_pair:shared_scenarios,673.7082030461164,139,796.9047086849398,,,shared_all_anomaly_strengths
RR,0,6,5854776044075552459,gateway_calibration,sweep:anomaly_pair:shared_scenarios,681.2784921809425,124,796.9047086849398,,,shared_all_anomaly_strengths
RR,0,7,7709607086058877159,gateway_calibration,sweep:anomaly_pair:shared_scenarios,673.3629872714114,135,796.9047086849398,,,shared_all_anomaly_strengths
RR,0,8,1741592563361101750,gateway_calibration,sweep:anomaly_pair:shared_scenarios,644.4537003990921,115,796.9047086849398,,,shared_all_anomaly_strengths
RR,0,9,3282932482964655802,gateway_calibration,sweep:anomaly_pair:shared_scenarios,645.5037326849285,135,796.9047086849398,,,shared_all_anomaly_strengths
RR,0,10,1774785994864530756,gateway_calibration,sweep:anomaly_pair:shared_scenarios,523.7129620027232,118,796.9047086849398,,,shared_all_anomaly_strengths
RR,0,11,8140464769652066346,gateway_calibration,sweep:anomaly_pair:shared_scenarios,695.7227070357013,117,796.9047086849398,,,shared_all_anomaly_strengths
RR,0,12,1253555579543505935,gateway_calibration,sweep:anomaly_pair:shared_scenarios,805.9021374700542,141,796.9047086849398,,,shared_all_anomaly_strengths
RR,0,13,7889622116667546826,gateway_calibration,sweep:anomaly_pair:shared_scenarios,614.1730214144285,133,796.9047086849398,,,shared_all_anomaly_strengths
RR,0,14,2999731371178102042,gateway_calibration,sweep:anomaly_pair:shared_scenarios,643.0822836374451,119,796.9047086849398,,,shared_all_anomaly_strengths
RR,0,15,3149132606532110017,gateway_calibration,sweep:anomaly_pair:shared_scenarios,679.0592614488428,138,796.9047086849398,,,shared_all_anomaly_strengths
RR,0,16,5945166213153900620,gateway_calibration,sweep:anomaly_pair:shared_scenarios,671.1755425333795,112,796.9047086849398,,,shared_all_anomaly_strengths
RR,0,17,8780635847486979818,gateway_calibration,sweep:anomaly_pair:shared_scenarios,639.7812103577721,128,796.9047086849398,,,shared_all_anomaly_strengths
RR,0,18,977807179708126678,gateway_calibration,sweep:anomaly_pair:shared_scenarios,591.3790028511686,122,796.9047086849398,,,shared_all_anomaly_strengths
RR,0,19,4758583958882270302,gateway_calibration,sweep:anomaly_pair:shared_scenarios,698.9768760943156,121,796.9047086849398,,,shared_all_anomaly_strengths
RR,0,20,624488504525834361,gateway_calibration,sweep:anomaly_pair:shared_scenarios,593.7236340559291,112,796.9047086849398,,,shared_all_anomaly_strengths
RR,0,21,9127488914970490212,gateway_calibration,sweep:anomaly_pair:shared_scenarios,711.673429296384,132,796.9047086849398,,,shared_all_anomaly_strengths
RR,0,22,3878214634024289995,gateway_calibration,sweep:anomaly_pair:shared_scenarios,736.2354188181224,116,796.9047086849398,,,shared_all_anomaly_strengths
RR,0,23,3074434249601971096,gateway_calibration,sweep:anomaly_pair:shared_scenarios,592.4859897838412,107,796.9047086849398,,,shared_all_anomaly_strengths
RR,0,24,3240386866293341253,gateway_calibration,sweep:anomaly_pair:shared_scenarios,509.495336112637,99,796.9047086849398,,,shared_all_anomaly_strengths
RR,0,25,6243332140314349343,gateway_calibration,sweep:anomaly_pair:shared_scenarios,678.9480635199336,121,796.9047086849398,,,shared_all_anomaly_strengths
RR,0,26,3868622807354924164,gateway_calibration,sweep:anomaly_pair:shared_scenarios,735.6747433920989,137,796.9047086849398,,,shared_all_anomaly_strengths
RR,0,27,1718082128973198771,gateway_calibration,sweep:anomaly_pair:shared_scenarios,858.488783589724,136,796.9047086849398,,,shared_all_anomaly_strengths
RR,0,28,2704479796120479431,gateway_calibration,sweep:anomaly_pair:shared_scenarios,650.896624320361,127,796.9047086849398,,,shared_all_anomaly_strengths
RR,0,29,3697228631517816840,gateway_calibration,sweep:anomaly_pair:shared_scenarios,724.2506048540014,132,796.9047086849398,,,shared_all_anomaly_strengths
RR,0,30,8820983848116756903,gateway_calibration,sweep:anomaly_pair:shared_scenarios,825.8077127974714,145,796.9047086849398,,,shared_all_anomaly_strengths
RR,0,31,7643153808516479349,gateway_calibration,sweep:anomaly_pair:shared_scenarios,766.0415523868221,126,796.9047086849398,,,shared_all_anomaly_strengths
RR,0,32,3795846149567597038,gateway_calibration,sweep:anomaly_pair:shared_scenarios,600.1548613697555,110,796.9047086849398,,,shared_all_anomaly_strengths
RR,0,33,8760001566670653492,gateway_calibration,sweep:anomaly_pair:shared_scenarios,581.3470128306996,120,796.9047086849398,,,shared_all_anomaly_strengths
RR,0,34,2744726624485914817,gateway_calibration,sweep:anomaly_pair:shared_scenarios,590.1132494844203,122,796.9047086849398,,,shared_all_anomaly_strengths
RR,0,35,7310029771266914304,gateway_calibration,sweep:anomaly_pair:shared_scenarios,565.8521288826976,117,796.9047086849398,,,shared_all_anomaly_strengths
RR,0,36,8860427485777938866,gateway_calibration,sweep:anomaly_pair:shared_scenarios,582.5939435963256,113,796.9047086849398,,,shared_all_anomaly_strengths
RR,0,37,8598656038562839224,gateway_calibration,sweep:anomaly_pair:shared_scenarios,758.9299304684967,135,796.9047086849398,,,shared_all_anomaly_strengths
RR,0,38,8997019032754762713,gateway_calibration,sweep:anomaly_pair:shared_scenarios,753.0728135918253,122,796.9047086849398,,,shared_all_anomaly_strengths
RR,0,39,4208817818748932462,gateway_calibration,sweep:anomaly_pair:shared_scenarios,575.4418092213259,106,796.9047086849398,,,shared_all_anomaly_strengths
RR,0,40,6068242829919299090,gateway_calibration,sweep:anomaly_pair:shared_scenarios,672.6104155326292,126,796.9047086849398,,,shared_all_anomaly_strengths
RR,0,41,4049042354117377146,gateway_calibration,sweep:anomaly_pair:shared_scenarios,556.9808721476859,132,796.9047086849398,,,shared_all_anomaly_strengths
RR,0,42,5126773472074832949,gateway_calibration,sweep:anomaly_pair:shared_scenarios,564.1679337117063,123,796.9047086849398,,,shared_all_anomaly_strengths
RR,0,43,6183996202129912428,gateway_calibration,sweep:anomaly_pair:shared_scenarios,624.4683143707108,126,796.9047086849398,,,shared_all_anomaly_strengths
RR,0,44,5034920799087487164,gateway_calibration,sweep:anomaly_pair:shared_scenarios,728.506310932056,149,796.9047086849398,,,shared_all_anomaly_strengths
RR,0,45,5099780515566784822,gateway_calibration,sweep:anomaly_pair:shared_scenarios,691.7117493584005,122,796.9047086849398,,,shared_all_anomaly_strengths
RR,0,46,3743304880928594782,gateway_calibration,sweep:anomaly_pair:shared_scenarios,730.6918261710734,133,796.9047086849398,,,shared_all_anomaly_strengths
RR,0,47,7315397891830491094,gateway_calibration,sweep:anomaly_pair:shared_scenarios,835.0813110803193,141,796.9047086849398,,,shared_all_anomaly_strengths
RR,0,48,2190007532852709612,gateway_calibration,sweep:anomaly_pair:shared_scenarios,781.1311339949182,135,796.9047086849398,,,shared_all_anomaly_strengths
RR,0,49,120834209760926409,gateway_calibration,sweep:anomaly_pair:shared_scenarios,622.1203534106393,122,796.9047086849398,,,shared_all_anomaly_strengths
RR,0,50,3276339480421714797,gateway_calibration,sweep:anomaly_pair:shared_scenarios,633.8001857456971,130,796.9047086849398,,,shared_all_anomaly_strengths
RR,0,51,7889239287137057542,gateway_calibration,sweep:anomaly_pair:shared_scenarios,709.7736851437461,132,796.9047086849398,,,shared_all_anomaly_strengths
RR,0,52,3388785810564520190,gateway_calibration,sweep:anomaly_pair:shared_scenarios,641.858828648102,134,796.9047086849398,,,shared_all_anomaly_strengths
RR,0,53,5503237878395346684,gateway_calibration,sweep:anomaly_pair:shared_scenarios,628.4005897644854,115,796.9047086849398,,,shared_all_anomaly_strengths
RR,0,54,5415491490608218996,gateway_calibration,sweep:anomaly_pair:shared_scenarios,722.314057410151,130,796.9047086849398,,,shared_all_anomaly_strengths
RR,0,55,26760604161946009,gateway_calibration,sweep:anomaly_pair:shared_scenarios,721.2782131734821,110,796.9047086849398,,,shared_all_anomaly_strengths
RR,0,56,6830352398876445275,gateway_calibration,sweep:anomaly_pair:shared_scenarios,661.1652077088363,127,796.9047086849398,,,shared_all_anomaly_strengths
RR,0,57,1406415348362794825,gateway_calibration,sweep:anomaly_pair:shared_scenarios,700.5530361074957,134,796.9047086849398,,,shared_all_anomaly_strengths
RR,0,58,7701508260034706105,gateway_calibration,sweep:anomaly_pair:shared_scenarios,638.2654531364702,130,796.9047086849398,,,shared_all_anomaly_strengths
RR,0,59,2711167823261115708,gateway_calibration,sweep:anomaly_pair:shared_scenarios,669.8068651547584,132,796.9047086849398,,,shared_all_anomaly_strengths
RR,0,60,3144340299977682071,gateway_calibration,sweep:anomaly_pair:shared_scenarios,699.4313934624826,114,796.9047086849398,,,shared_all_anomaly_strengths
RR,0,61,6563400931778538780,gateway_calibration,sweep:anomaly_pair:shared_scenarios,545.9121069016086,108,796.9047086849398,,,shared_all_anomaly_strengths
RR,0,62,2388043308876394469,gateway_calibration,sweep:anomaly_pair:shared_scenarios,747.1758128985064,147,796.9047086849398,,,shared_all_anomaly_strengths
RR,0,63,6824789488425972207,gateway_calibration,sweep:anomaly_pair:shared_scenarios,632.995868006699,114,796.9047086849398,,,shared_all_anomaly_strengths
RR,0,64,1401432086598941843,gateway_calibration,sweep:anomaly_pair:shared_scenarios,793.1298709897388,136,796.9047086849398,,,shared_all_anomaly_strengths
RR,0,65,4672481713666300259,gateway_calibration,sweep:anomaly_pair:shared_scenarios,698.7897988184336,139,796.9047086849398,,,shared_all_anomaly_strengths
RR,0,66,6903420366369478612,gateway_calibration,sweep:anomaly_pair:shared_scenarios,707.0021296327398,129,796.9047086849398,,,shared_all_anomaly_strengths
RR,0,67,6898050963322559496,gateway_calibration,sweep:anomaly_pair:shared_scenarios,567.9714389194864,113,796.9047086849398,,,shared_all_anomaly_strengths
RR,0,68,614393272824454916,gateway_calibration,sweep:anomaly_pair:shared_scenarios,744.349943268835,142,796.9047086849398,,,shared_all_anomaly_strengths
RR,0,69,672551910386015347,gateway_calibration,sweep:anomaly_pair:shared_scenarios,720.822881055443,134,796.9047086849398,,,shared_all_anomaly_strengths
RR,0,70,2982091152045645099,gateway_calibration,sweep:anomaly_pair:shared_scenarios,666.4404689512392,112,796.9047086849398,,,shared_all_anomaly_strengths
RR,0,71,823492357614472977,gateway_calibration,sweep:anomaly_pair:shared_scenarios,761.5033862641955,136,796.9047086849398,,,shared_all_anomaly_strengths
RR,0,72,4697794938409790858,gateway_calibration,sweep:anomaly_pair:shared_scenarios,571.8629317177351,110,796.9047086849398,,,shared_all_anomaly_strengths
RR,0,73,6582019303472037237,gateway_calibration,sweep:anomaly_pair:shared_scenarios,791.9673837284421,128,796.9047086849398,,,shared_all_anomaly_strengths
RR,0,74,300672792335245350,gateway_calibration,sweep:anomaly_pair:shared_scenarios,533.1766168478025,117,796.9047086849398,,,shared_all_anomaly_strengths
RR,0,75,5751946339530838054,gateway_calibration,sweep:anomaly_pair:shared_scenarios,639.649599032408,130,796.9047086849398,,,shared_all_anomaly_strengths
RR,0,76,961439938750258285,gateway_calibration,sweep:anomaly_pair:shared_scenarios,843.8629337534314,147,796.9047086849398,,,shared_all_anomaly_strengths
RR,0,77,3257887825763507863,gateway_calibration,sweep:anomaly_pair:shared_scenarios,608.5133942950629,125,796.9047086849398,,,shared_all_anomaly_strengths
RR,0,78,8166365252455630432,gateway_calibration,sweep:anomaly_pair:shared_scenarios,696.8869564941374,129,796.9047086849398,,,shared_all_anomaly_strengths
RR,0,79,2849578758725429319,gateway_calibration,sweep:anomaly_pair:shared_scenarios,723.4900736636237,128,796.9047086849398,,,shared_all_anomaly_strengths
RR,0,80,5847011703168282323,gateway_calibration,sweep:anomaly_pair:shared_scenarios,702.3183178455824,132,796.9047086849398,,,shared_all_anomaly_strengths
RR,0,81,7858864668525583430,gateway_calibration,sweep:anomaly_pair:shared_scenarios,414.49125755451934,95,796.9047086849398,,,shared_all_anomaly_strengths
RR,0,82,268940495404723730,gateway_calibration,sweep:anomaly_pair:shared_scenarios,451.9902806490856,103,796.9047086849398,,,shared_all_anomaly_strengths
RR,0,83,4400655767576069724,gateway_calibration,sweep:anomaly_pair:shared_scenarios,621.4847997549105,113,796.9047086849398,,,shared_all_anomaly_strengths
RR,0,84,7359957410266699792,gateway_calibration,sweep:anomaly_pair:shared_scenarios,767.1715855143981,143,796.9047086849398,,,shared_all_anomaly_strengths
RR,0,85,4731760846268061734,gateway_calibration,sweep:anomaly_pair:shared_scenarios,653.039982383374,134,796.9047086849398,,,shared_all_anomaly_strengths
RR,0,86,1992618809938800466,gateway_calibration,sweep:anomaly_pair:shared_scenarios,740.7505745683263,145,796.9047086849398,,,shared_all_anomaly_strengths
RR,0,87,8403004296001441656,gateway_calibration,sweep:anomaly_pair:shared_scenarios,588.4504798475151,122,796.9047086849398,,,shared_all_anomaly_strengths
RR,0,88,5944369264469843788,gateway_calibration,sweep:anomaly_pair:shared_scenarios,702.3620079237941,125,796.9047086849398,,,shared_all_anomaly_strengths
RR,0,89,216637230108974742,gateway_calibration,sweep:anomaly_pair:shared_scenarios,684.3292949929574,124,796.9047086849398,,,shared_all_anomaly_strengths
RR,0,90,896283027553350313,gateway_calibration,sweep:anomaly_pair:shared_scenarios,693.3398461232782,130,796.9047086849398,,,shared_all_anomaly_strengths
RR,0,91,2129979059599230336,gateway_calibration,sweep:anomaly_pair:shared_scenarios,617.9449885522076,111,796.9047086849398,,,shared_all_anomaly_strengths
RR,0,92,8440158530804782812,gateway_calibration,sweep:anomaly_pair:shared_scenarios,667.9825477932095,126,796.9047086849398,,,shared_all_anomaly_strengths
RR,0,93,2515105766560126937,gateway_calibration,sweep:anomaly_pair:shared_scenarios,707.0282226879998,118,796.9047086849398,,,shared_all_anomaly_strengths
RR,0,94,7871536140642585085,gateway_calibration,sweep:anomaly_pair:shared_scenarios,635.1482739955528,117,796.9047086849398,,,shared_all_anomaly_strengths
RR,0,95,5141400087580602088,gateway_calibration,sweep:anomaly_pair:shared_scenarios,681.5345652773419,139,796.9047086849398,,,shared_all_anomaly_strengths
RR,0,96,8112959400662868633,gateway_calibration,sweep:anomaly_pair:shared_scenarios,534.1615451159349,112,796.9047086849398,,,shared_all_anomaly_strengths
RR,0,97,1078891354826946508,gateway_calibration,sweep:anomaly_pair:shared_scenarios,796.8842240441207,145,796.9047086849398,,,shared_all_anomaly_strengths
RR,0,98,2726858539062778841,gateway_calibration,sweep:anomaly_pair:shared_scenarios,615.3463367195038,106,796.9047086849398,,,shared_all_anomaly_strengths
RR,0,99,4880208515358931166,gateway_calibration,sweep:anomaly_pair:shared_scenarios,597.9068899194862,100,796.9047086849398,,,shared_all_anomaly_strengths
RR,0,100,9112943947571933379,gateway_calibration,sweep:anomaly_pair:shared_scenarios,652.0857346012294,117,796.9047086849398,,,shared_all_anomaly_strengths
RR,0,101,4842620908627243129,gateway_calibration,sweep:anomaly_pair:shared_scenarios,570.9471918912479,113,796.9047086849398,,,shared_all_anomaly_strengths
RR,0,102,9221364585446048791,gateway_calibration,sweep:anomaly_pair:shared_scenarios,794.3999478116106,143,796.9047086849398,,,shared_all_anomaly_strengths
RR,0,103,3494744169553416929,gateway_calibration,sweep:anomaly_pair:shared_scenarios,655.4153343810843,121,796.9047086849398,,,shared_all_anomaly_strengths
RR,0,104,7233638741406416371,gateway_calibration,sweep:anomaly_pair:shared_scenarios,748.5153393741658,130,796.9047086849398,,,shared_all_anomaly_strengths
RR,0,105,3641336694656935735,gateway_calibration,sweep:anomaly_pair:shared_scenarios,788.3663152178742,115,796.9047086849398,,,shared_all_anomaly_strengths
RR,0,106,3835715673444251126,gateway_calibration,sweep:anomaly_pair:shared_scenarios,670.0284240315716,123,796.9047086849398,,,shared_all_anomaly_strengths
RR,0,107,2714185319899586904,gateway_calibration,sweep:anomaly_pair:shared_scenarios,756.4516988777357,131,796.9047086849398,,,shared_all_anomaly_strengths
RR,0,108,7065677078823521164,gateway_calibration,sweep:anomaly_pair:shared_scenarios,699.6429735557466,132,796.9047086849398,,,shared_all_anomaly_strengths
RR,0,109,1054405605846734754,gateway_calibration,sweep:anomaly_pair:shared_scenarios,746.6206682353142,128,796.9047086849398,,,shared_all_anomaly_strengths
RR,0,110,2962441662239683096,gateway_calibration,sweep:anomaly_pair:shared_scenarios,710.3433584713587,141,796.9047086849398,,,shared_all_anomaly_strengths
RR,0,111,4129263628419206857,gateway_calibration,sweep:anomaly_pair:shared_scenarios,673.1442382211177,112,796.9047086849398,,,shared_all_anomaly_strengths
RR,0,112,1622360177596404131,gateway_calibration,sweep:anomaly_pair:shared_scenarios,695.0068643802417,122,796.9047086849398,,,shared_all_anomaly_strengths
RR,0,113,2330463691884836340,gateway_calibration,sweep:anomaly_pair:shared_scenarios,651.7107254434954,129,796.9047086849398,,,shared_all_anomaly_strengths
RR,0,114,2652712276700624970,gateway_calibration,sweep:anomaly_pair:shared_scenarios,634.3851947652014,123,796.9047086849398,,,shared_all_anomaly_strengths
RR,0,115,6210151626445176008,gateway_calibration,sweep:anomaly_pair:shared_scenarios,759.2135664306345,136,796.9047086849398,,,shared_all_anomaly_strengths
RR,0,116,5484880361464436307,gateway_calibration,sweep:anomaly_pair:shared_scenarios,586.5884700499595,123,796.9047086849398,,,shared_all_anomaly_strengths
RR,0,117,9083936004600730053,gateway_calibration,sweep:anomaly_pair:shared_scenarios,660.389405747221,119,796.9047086849398,,,shared_all_anomaly_strengths
RR,0,118,7499139004400980353,gateway_calibration,sweep:anomaly_pair:shared_scenarios,609.3755491851595,128,796.9047086849398,,,shared_all_anomaly_strengths
RR,0,119,426229976672197883,gateway_calibration,sweep:anomaly_pair:shared_scenarios,807.0943608585751,130,796.9047086849398,,,shared_all_anomaly_strengths
RR,0,120,246508369912879822,gateway_calibration,sweep:anomaly_pair:shared_scenarios,618.7534996963177,120,796.9047086849398,,,shared_all_anomaly_strengths
RR,0,121,2652398091327796019,gateway_calibration,sweep:anomaly_pair:shared_scenarios,688.995908679182,140,796.9047086849398,,,shared_all_anomaly_strengths
RR,0,122,5503532496059794744,gateway_calibration,sweep:anomaly_pair:shared_scenarios,558.7404270224164,114,796.9047086849398,,,shared_all_anomaly_strengths
RR,0,123,8329007375693140607,gateway_calibration,sweep:anomaly_pair:shared_scenarios,623.5214659850739,125,796.9047086849398,,,shared_all_anomaly_strengths
RR,0,124,4366984316536531468,gateway_calibration,sweep:anomaly_pair:shared_scenarios,605.8303951632838,127,796.9047086849398,,,shared_all_anomaly_strengths
RR,0,125,6198917521197951328,gateway_calibration,sweep:anomaly_pair:shared_scenarios,734.2954479512325,134,796.9047086849398,,,shared_all_anomaly_strengths
RR,0,126,3901305802510177060,gateway_calibration,sweep:anomaly_pair:shared_scenarios,612.4073433041797,145,796.9047086849398,,,shared_all_anomaly_strengths
RR,0,127,3651935198066528014,gateway_calibration,sweep:anomaly_pair:shared_scenarios,649.7383329712366,113,796.9047086849398,,,shared_all_anomaly_strengths
RR,0,128,3665222385996101800,gateway_calibration,sweep:anomaly_pair:shared_scenarios,520.8626626031386,115,796.9047086849398,,,shared_all_anomaly_strengths
RR,0,129,3695450124233607618,gateway_calibration,sweep:anomaly_pair:shared_scenarios,584.0796471027235,108,796.9047086849398,,,shared_all_anomaly_strengths
RR,0,130,4507573490889405567,gateway_calibration,sweep:anomaly_pair:shared_scenarios,584.9886216888187,107,796.9047086849398,,,shared_all_anomaly_strengths
RR,0,131,6622006059011695217,gateway_calibration,sweep:anomaly_pair:shared_scenarios,713.1046751893233,141,796.9047086849398,,,shared_all_anomaly_strengths
RR,0,132,1072149559379176970,gateway_calibration,sweep:anomaly_pair:shared_scenarios,722.8444733005002,127,796.9047086849398,,,shared_all_anomaly_strengths
RR,0,133,2236710786858836466,gateway_calibration,sweep:anomaly_pair:shared_scenarios,632.7095446356655,125,796.9047086849398,,,shared_all_anomaly_strengths
RR,0,134,4061241335305450115,gateway_calibration,sweep:anomaly_pair:shared_scenarios,444.6833284265368,109,796.9047086849398,,,shared_all_anomaly_strengths
RR,0,135,4458267631564501530,gateway_calibration,sweep:anomaly_pair:shared_scenarios,574.3491629318333,129,796.9047086849398,,,shared_all_anomaly_strengths
RR,0,136,4602541395243770802,gateway_calibration,sweep:anomaly_pair:shared_scenarios,520.5878903017466,113,796.9047086849398,,,shared_all_anomaly_strengths
RR,0,137,8154260143710516340,gateway_calibration,sweep:anomaly_pair:shared_scenarios,636.8432395408545,127,796.9047086849398,,,shared_all_anomaly_strengths
RR,0,138,7114745814847013655,gateway_calibration,sweep:anomaly_pair:shared_scenarios,764.7403901247214,141,796.9047086849398,,,shared_all_anomaly_strengths
RR,0,139,7504069718206669675,gateway_calibration,sweep:anomaly_pair:shared_scenarios,685.3533634292367,121,796.9047086849398,,,shared_all_anomaly_strengths
RR,0,140,2484320023919988263,gateway_calibration,sweep:anomaly_pair:shared_scenarios,705.4877573356829,114,796.9047086849398,,,shared_all_anomaly_strengths
RR,0,141,5967893154890299710,gateway_calibration,sweep:anomaly_pair:shared_scenarios,605.6226520720915,139,796.9047086849398,,,shared_all_anomaly_strengths
RR,0,142,8551485174213736670,gateway_calibration,sweep:anomaly_pair:shared_scenarios,593.0845409341207,122,796.9047086849398,,,shared_all_anomaly_strengths
RR,0,143,400428821000820213,gateway_calibration,sweep:anomaly_pair:shared_scenarios,673.7423890659675,120,796.9047086849398,,,shared_all_anomaly_strengths
RR,0,144,4671208357574952400,gateway_calibration,sweep:anomaly_pair:shared_scenarios,535.0315918117136,108,796.9047086849398,,,shared_all_anomaly_strengths
RR,0,145,2717424151482641221,gateway_calibration,sweep:anomaly_pair:shared_scenarios,757.8705631940385,127,796.9047086849398,,,shared_all_anomaly_strengths
RR,0,146,7103388310734235320,gateway_calibration,sweep:anomaly_pair:shared_scenarios,758.5391731450746,132,796.9047086849398,,,shared_all_anomaly_strengths
RR,0,147,6613689040717774173,gateway_calibration,sweep:anomaly_pair:shared_scenarios,684.7949132885333,127,796.9047086849398,,,shared_all_anomaly_strengths
RR,0,148,3013865715162790417,gateway_calibration,sweep:anomaly_pair:shared_scenarios,585.3701801194334,128,796.9047086849398,,,shared_all_anomaly_strengths
RR,0,149,5411062845189856806,gateway_calibration,sweep:anomaly_pair:shared_scenarios,523.9901254605194,107,796.9047086849398,,,shared_all_anomaly_strengths
RR,0,150,753526066345137121,gateway_calibration,sweep:anomaly_pair:shared_scenarios,760.2681911392119,120,796.9047086849398,,,shared_all_anomaly_strengths
RR,0,151,5517788874787541446,gateway_calibration,sweep:anomaly_pair:shared_scenarios,712.1526255682508,135,796.9047086849398,,,shared_all_anomaly_strengths
RR,0,152,3012173983135274094,gateway_calibration,sweep:anomaly_pair:shared_scenarios,580.9282135965994,137,796.9047086849398,,,shared_all_anomaly_strengths
RR,0,153,7525768142714343326,gateway_calibration,sweep:anomaly_pair:shared_scenarios,557.0536349022957,109,796.9047086849398,,,shared_all_anomaly_strengths
RR,0,154,5795757086317543101,gateway_calibration,sweep:anomaly_pair:shared_scenarios,651.0643526499841,101,796.9047086849398,,,shared_all_anomaly_strengths
RR,0,155,1489560090090177220,gateway_calibration,sweep:anomaly_pair:shared_scenarios,637.3133131790169,125,796.9047086849398,,,shared_all_anomaly_strengths
RR,0,156,5650023223194757707,gateway_calibration,sweep:anomaly_pair:shared_scenarios,729.8209503336006,118,796.9047086849398,,,shared_all_anomaly_strengths
RR,0,157,9095396682315926676,gateway_calibration,sweep:anomaly_pair:shared_scenarios,673.2017281811461,126,796.9047086849398,,,shared_all_anomaly_strengths
RR,0,158,3646421855625731332,gateway_calibration,sweep:anomaly_pair:shared_scenarios,635.0060805046269,114,796.9047086849398,,,shared_all_anomaly_strengths
RR,0,159,2731180400104840963,gateway_calibration,sweep:anomaly_pair:shared_scenarios,794.3017411578682,128,796.9047086849398,,,shared_all_anomaly_strengths
RR,0,160,6525253475390859142,gateway_calibration,sweep:anomaly_pair:shared_scenarios,779.342569676656,146,796.9047086849398,,,shared_all_anomaly_strengths
RR,0,161,5342702562007933787,gateway_calibration,sweep:anomaly_pair:shared_scenarios,619.5882639864087,122,796.9047086849398,,,shared_all_anomaly_strengths
RR,0,162,1696163523599298321,gateway_calibration,sweep:anomaly_pair:shared_scenarios,743.877167678884,138,796.9047086849398,,,shared_all_anomaly_strengths
RR,0,163,3743667071636317329,gateway_calibration,sweep:anomaly_pair:shared_scenarios,770.963528054433,148,796.9047086849398,,,shared_all_anomaly_strengths
RR,0,164,1703215274657857080,gateway_calibration,sweep:anomaly_pair:shared_scenarios,706.3254251546598,124,796.9047086849398,,,shared_all_anomaly_strengths
RR,0,165,3749419661803877216,gateway_calibration,sweep:anomaly_pair:shared_scenarios,625.4881272149262,104,796.9047086849398,,,shared_all_anomaly_strengths
RR,0,166,1022849663340299120,gateway_calibration,sweep:anomaly_pair:shared_scenarios,676.1601765725516,122,796.9047086849398,,,shared_all_anomaly_strengths
RR,0,167,812573164251080741,gateway_calibration,sweep:anomaly_pair:shared_scenarios,648.8647706719014,132,796.9047086849398,,,shared_all_anomaly_strengths
RR,0,168,9181789161802016476,gateway_calibration,sweep:anomaly_pair:shared_scenarios,745.9085428797927,127,796.9047086849398,,,shared_all_anomaly_strengths
RR,0,169,41852731993844740,gateway_calibration,sweep:anomaly_pair:shared_scenarios,711.5413383861371,126,796.9047086849398,,,shared_all_anomaly_strengths
RR,0,170,2160723943465049599,gateway_calibration,sweep:anomaly_pair:shared_scenarios,689.1001408502553,127,796.9047086849398,,,shared_all_anomaly_strengths
RR,0,171,4956274529951239709,gateway_calibration,sweep:anomaly_pair:shared_scenarios,812.7659376802904,134,796.9047086849398,,,shared_all_anomaly_strengths
RR,0,172,6793317195616864064,gateway_calibration,sweep:anomaly_pair:shared_scenarios,779.4821098686546,137,796.9047086849398,,,shared_all_anomaly_strengths
RR,0,173,4303638152728383403,gateway_calibration,sweep:anomaly_pair:shared_scenarios,703.5841655872915,127,796.9047086849398,,,shared_all_anomaly_strengths
RR,0,174,7314201943706610406,gateway_calibration,sweep:anomaly_pair:shared_scenarios,656.8421243874285,130,796.9047086849398,,,shared_all_anomaly_strengths
RR,0,175,1512635151930618621,gateway_calibration,sweep:anomaly_pair:shared_scenarios,700.7522018608888,127,796.9047086849398,,,shared_all_anomaly_strengths
RR,0,176,8308315004410766501,gateway_calibration,sweep:anomaly_pair:shared_scenarios,738.390739559935,134,796.9047086849398,,,shared_all_anomaly_strengths
RR,0,177,8366281085404403237,gateway_calibration,sweep:anomaly_pair:shared_scenarios,561.7123437637335,115,796.9047086849398,,,shared_all_anomaly_strengths
RR,0,178,3431044729523368993,gateway_calibration,sweep:anomaly_pair:shared_scenarios,638.1766987842728,136,796.9047086849398,,,shared_all_anomaly_strengths
RR,0,179,2007998228956077302,gateway_calibration,sweep:anomaly_pair:shared_scenarios,712.3157772981809,120,796.9047086849398,,,shared_all_anomaly_strengths
RR,0,180,8751753062912985555,gateway_calibration,sweep:anomaly_pair:shared_scenarios,666.8937011405978,128,796.9047086849398,,,shared_all_anomaly_strengths
RR,0,181,6021098798304103526,gateway_calibration,sweep:anomaly_pair:shared_scenarios,625.3659037508146,138,796.9047086849398,,,shared_all_anomaly_strengths
RR,0,182,6935358694610535876,gateway_calibration,sweep:anomaly_pair:shared_scenarios,631.8807510905943,130,796.9047086849398,,,shared_all_anomaly_strengths
RR,0,183,8750411618794352639,gateway_calibration,sweep:anomaly_pair:shared_scenarios,623.24405715942,124,796.9047086849398,,,shared_all_anomaly_strengths
RR,0,184,5456778154641903347,gateway_calibration,sweep:anomaly_pair:shared_scenarios,721.7826812080059,144,796.9047086849398,,,shared_all_anomaly_strengths
RR,0,185,1287740648467288647,gateway_calibration,sweep:anomaly_pair:shared_scenarios,592.2861287524677,114,796.9047086849398,,,shared_all_anomaly_strengths
RR,0,186,5407093370613870835,gateway_calibration,sweep:anomaly_pair:shared_scenarios,652.387734074554,127,796.9047086849398,,,shared_all_anomaly_strengths
RR,0,187,3818214081160493,gateway_calibration,sweep:anomaly_pair:shared_scenarios,673.4454467546309,133,796.9047086849398,,,shared_all_anomaly_strengths
RR,0,188,4306571545613910018,gateway_calibration,sweep:anomaly_pair:shared_scenarios,599.4879606091283,120,796.9047086849398,,,shared_all_anomaly_strengths
RR,0,189,1959307662180969903,gateway_calibration,sweep:anomaly_pair:shared_scenarios,757.2141920980365,130,796.9047086849398,,,shared_all_anomaly_strengths
RR,0,190,4992208587719153238,gateway_calibration,sweep:anomaly_pair:shared_scenarios,549.0463802611627,124,796.9047086849398,,,shared_all_anomaly_strengths
RR,0,191,5365441848557421041,gateway_calibration,sweep:anomaly_pair:shared_scenarios,765.3356954550403,144,796.9047086849398,,,shared_all_anomaly_strengths
RR,0,192,1408715418700674555,gateway_calibration,sweep:anomaly_pair:shared_scenarios,656.5993362108143,123,796.9047086849398,,,shared_all_anomaly_strengths
RR,0,193,8108843531229667530,gateway_calibration,sweep:anomaly_pair:shared_scenarios,797.2939168605023,137,796.9047086849398,,,shared_all_anomaly_strengths
RR,0,194,5355952040063825204,gateway_calibration,sweep:anomaly_pair:shared_scenarios,741.5163095983171,127,796.9047086849398,,,shared_all_anomaly_strengths
RR,0,195,3749598425399707804,gateway_calibration,sweep:anomaly_pair:shared_scenarios,730.808653926451,125,796.9047086849398,,,shared_all_anomaly_strengths
RR,0,196,2149480101104034459,gateway_calibration,sweep:anomaly_pair:shared_scenarios,729.8805128952208,132,796.9047086849398,,,shared_all_anomaly_strengths
RR,0,197,2249485913525693031,gateway_calibration,sweep:anomaly_pair:shared_scenarios,761.333868590921,144,796.9047086849398,,,shared_all_anomaly_strengths
RR,0,198,7943041684628071969,gateway_calibration,sweep:anomaly_pair:shared_scenarios,838.4979032838738,143,796.9047086849398,,,shared_all_anomaly_strengths
RR,0,199,5498905627511140374,gateway_calibration,sweep:anomaly_pair:shared_scenarios,773.8312280864627,145,796.9047086849398,,,shared_all_anomaly_strengths
TR,0,0,6942901201456939297,gateway_calibration,sweep:anomaly_pair:shared_scenarios,540.9590003203393,107,753.9185088887393,,,shared_all_anomaly_strengths
TR,0,1,3707311459125033713,gateway_calibration,sweep:anomaly_pair:shared_scenarios,608.0495911773871,120,753.9185088887393,,,shared_all_anomaly_strengths
TR,0,2,6525899029649517457,gateway_calibration,sweep:anomaly_pair:shared_scenarios,713.1013642996195,135,753.9185088887393,,,shared_all_anomaly_strengths
TR,0,3,7579878600958796329,gateway_calibration,sweep:anomaly_pair:shared_scenarios,693.1943905223441,122,753.9185088887393,,,shared_all_anomaly_strengths
TR,0,4,1995048182365014103,gateway_calibration,sweep:anomaly_pair:shared_scenarios,784.9940775201741,127,753.9185088887393,,,shared_all_anomaly_strengths
TR,0,5,3295882431625053650,gateway_calibration,sweep:anomaly_pair:shared_scenarios,614.8942366431179,129,753.9185088887393,,,shared_all_anomaly_strengths
TR,0,6,5854776044075552459,gateway_calibration,sweep:anomaly_pair:shared_scenarios,533.46891390764,107,753.9185088887393,,,shared_all_anomaly_strengths
TR,0,7,7709607086058877159,gateway_calibration,sweep:anomaly_pair:shared_scenarios,592.8911996788869,115,753.9185088887393,,,shared_all_anomaly_strengths
TR,0,8,1741592563361101750,gateway_calibration,sweep:anomaly_pair:shared_scenarios,654.6975882681411,125,753.9185088887393,,,shared_all_anomaly_strengths
TR,0,9,3282932482964655802,gateway_calibration,sweep:anomaly_pair:shared_scenarios,721.9192218485971,133,753.9185088887393,,,shared_all_anomaly_strengths
TR,0,10,1774785994864530756,gateway_calibration,sweep:anomaly_pair:shared_scenarios,650.4568578309741,124,753.9185088887393,,,shared_all_anomaly_strengths
TR,0,11,8140464769652066346,gateway_calibration,sweep:anomaly_pair:shared_scenarios,579.720970390407,111,753.9185088887393,,,shared_all_anomaly_strengths
TR,0,12,1253555579543505935,gateway_calibration,sweep:anomaly_pair:shared_scenarios,597.3676478582529,115,753.9185088887393,,,shared_all_anomaly_strengths
TR,0,13,7889622116667546826,gateway_calibration,sweep:anomaly_pair:shared_scenarios,666.8906992733667,132,753.9185088887393,,,shared_all_anomaly_strengths
TR,0,14,2999731371178102042,gateway_calibration,sweep:anomaly_pair:shared_scenarios,561.9092492536995,107,753.9185088887393,,,shared_all_anomaly_strengths
TR,0,15,3149132606532110017,gateway_calibration,sweep:anomaly_pair:shared_scenarios,613.0727495157337,116,753.9185088887393,,,shared_all_anomaly_strengths
TR,0,16,5945166213153900620,gateway_calibration,sweep:anomaly_pair:shared_scenarios,780.4501709514905,107,753.9185088887393,,,shared_all_anomaly_strengths
TR,0,17,8780635847486979818,gateway_calibration,sweep:anomaly_pair:shared_scenarios,576.4816420572664,109,753.9185088887393,,,shared_all_anomaly_strengths
TR,0,18,977807179708126678,gateway_calibration,sweep:anomaly_pair:shared_scenarios,528.3057483106285,97,753.9185088887393,,,shared_all_anomaly_strengths
TR,0,19,4758583958882270302,gateway_calibration,sweep:anomaly_pair:shared_scenarios,741.1696966810662,125,753.9185088887393,,,shared_all_anomaly_strengths
TR,0,20,624488504525834361,gateway_calibration,sweep:anomaly_pair:shared_scenarios,643.03497391341,110,753.9185088887393,,,shared_all_anomaly_strengths
TR,0,21,9127488914970490212,gateway_calibration,sweep:anomaly_pair:shared_scenarios,520.0109129862896,109,753.9185088887393,,,shared_all_anomaly_strengths
TR,0,22,3878214634024289995,gateway_calibration,sweep:anomaly_pair:shared_scenarios,612.8613426326607,106,753.9185088887393,,,shared_all_anomaly_strengths
TR,0,23,3074434249601971096,gateway_calibration,sweep:anomaly_pair:shared_scenarios,586.5913589112519,114,753.9185088887393,,,shared_all_anomaly_strengths
TR,0,24,3240386866293341253,gateway_calibration,sweep:anomaly_pair:shared_scenarios,489.25828316007903,93,753.9185088887393,,,shared_all_anomaly_strengths
TR,0,25,6243332140314349343,gateway_calibration,sweep:anomaly_pair:shared_scenarios,498.6909997824127,102,753.9185088887393,,,shared_all_anomaly_strengths
TR,0,26,3868622807354924164,gateway_calibration,sweep:anomaly_pair:shared_scenarios,641.1424758515834,114,753.9185088887393,,,shared_all_anomaly_strengths
TR,0,27,1718082128973198771,gateway_calibration,sweep:anomaly_pair:shared_scenarios,753.2754783673279,122,753.9185088887393,,,shared_all_anomaly_strengths
TR,0,28,2704479796120479431,gateway_calibration,sweep:anomaly_pair:shared_scenarios,610.5231857226248,124,753.9185088887393,,,shared_all_anomaly_strengths
TR,0,29,3697228631517816840,gateway_calibration,sweep:anomaly_pair:shared_scenarios,644.2653965963282,126,753.9185088887393,,,shared_all_anomaly_strengths
TR,0,30,8820983848116756903,gateway_calibration,sweep:anomaly_pair:shared_scenarios,621.5309269026714,124,753.9185088887393,,,shared_all_anomaly_strengths
TR,0,31,7643153808516479349,gateway_calibration,sweep:anomaly_pair:shared_scenarios,510.47039800756096,105,753.9185088887393,,,shared_all_anomaly_strengths
TR,0,32,3795846149567597038,gateway_calibration,sweep:anomaly_pair:shared_scenarios,702.1438468173593,125,753.9185088887393,,,shared_all_anomaly_strengths
TR,0,33,8760001566670653492,gateway_calibration,sweep:anomaly_pair:shared_scenarios,649.6518625625256,119,753.9185088887393,,,shared_all_anomaly_strengths
TR,0,34,2744726624485914817,gateway_calibration,sweep:anomaly_pair:shared_scenarios,543.057455795457,109,753.9185088887393,,,shared_all_anomaly_strengths
TR,0,35,7310029771266914304,gateway_calibration,sweep:anomaly_pair:shared_scenarios,573.686417676319,110,753.9185088887393,,,shared_all_anomaly_strengths
TR,0,36,8860427485777938866,gateway_calibration,sweep:anomaly_pair:shared_scenarios,596.636404907352,117,753.9185088887393,,,shared_all_anomaly_strengths
TR,0,37,8598656038562839224,gateway_calibration,sweep:anomaly_pair:shared_scenarios,785.5859448408912,116,753.9185088887393,,,shared_all_anomaly_strengths
TR,0,38,8997019032754762713,gateway_calibration,sweep:anomaly_pair:shared_scenarios,645.6064654743597,109,753.9185088887393,,,shared_all_anomaly_strengths
TR,0,39,4208817818748932462,gateway_calibration,sweep:anomaly_pair:shared_scenarios,567.9614930016935,99,753.9185088887393,,,shared_all_anomaly_strengths
TR,0,40,6068242829919299090,gateway_calibration,sweep:anomaly_pair:shared_scenarios,654.9826929243025,115,753.9185088887393,,,shared_all_anomaly_strengths
TR,0,41,4049042354117377146,gateway_calibration,sweep:anomaly_pair:shared_scenarios,518.5782247437925,120,753.9185088887393,,,shared_all_anomaly_strengths
TR,0,42,5126773472074832949,gateway_calibration,sweep:anomaly_pair:shared_scenarios,550.0484194634491,114,753.9185088887393,,,shared_all_anomaly_strengths
TR,0,43,6183996202129912428,gateway_calibration,sweep:anomaly_pair:shared_scenarios,572.4422813197845,116,753.9185088887393,,,shared_all_anomaly_strengths
TR,0,44,5034920799087487164,gateway_calibration,sweep:anomaly_pair:shared_scenarios,668.5621203680544,130,753.9185088887393,,,shared_all_anomaly_strengths
TR,0,45,5099780515566784822,gateway_calibration,sweep:anomaly_pair:shared_scenarios,638.4588115409712,109,753.9185088887393,,,shared_all_anomaly_strengths
TR,0,46,3743304880928594782,gateway_calibration,sweep:anomaly_pair:shared_scenarios,573.9990451900444,99,753.9185088887393,,,shared_all_anomaly_strengths
TR,0,47,7315397891830491094,gateway_calibration,sweep:anomaly_pair:shared_scenarios,561.3129158263291,106,753.9185088887393,,,shared_all_anomaly_strengths
TR,0,48,2190007532852709612,gateway_calibration,sweep:anomaly_pair:shared_scenarios,687.7648095393654,118,753.9185088887393,,,shared_all_anomaly_strengths
TR,0,49,120834209760926409,gateway_calibration,sweep:anomaly_pair:shared_scenarios,527.4252757874118,107,753.9185088887393,,,shared_all_anomaly_strengths
TR,0,50,3276339480421714797,gateway_calibration,sweep:anomaly_pair:shared_scenarios,677.3593456235277,126,753.9185088887393,,,shared_all_anomaly_strengths
TR,0,51,7889239287137057542,gateway_calibration,sweep:anomaly_pair:shared_scenarios,597.8906052668974,124,753.9185088887393,,,shared_all_anomaly_strengths
TR,0,52,3388785810564520190,gateway_calibration,sweep:anomaly_pair:shared_scenarios,665.0395272777515,122,753.9185088887393,,,shared_all_anomaly_strengths
TR,0,53,5503237878395346684,gateway_calibration,sweep:anomaly_pair:shared_scenarios,605.3206546228685,110,753.9185088887393,,,shared_all_anomaly_strengths
TR,0,54,5415491490608218996,gateway_calibration,sweep:anomaly_pair:shared_scenarios,664.7529219438661,122,753.9185088887393,,,shared_all_anomaly_strengths
TR,0,55,26760604161946009,gateway_calibration,sweep:anomaly_pair:shared_scenarios,564.4728738904653,99,753.9185088887393,,,shared_all_anomaly_strengths
TR,0,56,6830352398876445275,gateway_calibration,sweep:anomaly_pair:shared_scenarios,633.7732757480957,127,753.9185088887393,,,shared_all_anomaly_strengths
TR,0,57,1406415348362794825,gateway_calibration,sweep:anomaly_pair:shared_scenarios,670.2711500225676,132,753.9185088887393,,,shared_all_anomaly_strengths
TR,0,58,7701508260034706105,gateway_calibration,sweep:anomaly_pair:shared_scenarios,603.5652302969532,126,753.9185088887393,,,shared_all_anomaly_strengths
TR,0,59,2711167823261115708,gateway_calibration,sweep:anomaly_pair:shared_scenarios,615.7625921351093,117,753.9185088887393,,,shared_all_anomaly_strengths
TR,0,60,3144340299977682071,gateway_calibration,sweep:anomaly_pair:shared_scenarios,692.5231926097163,117,753.9185088887393,,,shared_all_anomaly_strengths
TR,0,61,6563400931778538780,gateway_calibration,sweep:anomaly_pair:shared_scenarios,494.93320346802733,96,753.9185088887393,,,shared_all_anomaly_strengths
TR,0,62,2388043308876394469,gateway_calibration,sweep:anomaly_pair:shared_scenarios,649.9100089797133,126,753.9185088887393,,,shared_all_anomaly_strengths
TR,0,63,6824789488425972207,gateway_calibration,sweep:anomaly_pair:shared_scenarios,581.6105893432848,114,753.9185088887393,,,shared_all_anomaly_strengths
TR,0,64,1401432086598941843,gateway_calibration,sweep:anomaly_pair:shared_scenarios,711.8276923016299,127,753.9185088887393,,,shared_all_anomaly_strengths
TR,0,65,4672481713666300259,gateway_calibration,sweep:anomaly_pair:shared_scenarios,610.9202353002494,120,753.9185088887393,,,shared_all_anomaly_strengths
TR,0,66,6903420366369478612,gateway_calibration,sweep:anomaly_pair:shared_scenarios,622.4402526643963,120,753.9185088887393,,,shared_all_anomaly_strengths
TR,0,67,6898050963322559496,gateway_calibration,sweep:anomaly_pair:shared_scenarios,531.5168140630338,106,753.9185088887393,,,shared_all_anomaly_strengths
TR,0,68,614393272824454916,gateway_calibration,sweep:anomaly_pair:shared_scenarios,577.6150458321513,118,753.9185088887393,,,shared_all_anomaly_strengths
TR,0,69,672551910386015347,gateway_calibration,sweep:anomaly_pair:shared_scenarios,724.536827948781,114,753.9185088887393,,,shared_all_anomaly_strengths
TR,0,70,2982091152045645099,gateway_calibration,sweep:anomaly_pair:shared_scenarios,550.3810630579944,98,753.9185088887393,,,shared_all_anomaly_strengths
TR,0,71,823492357614472977,gateway_calibration,sweep:anomaly_pair:shared_scenarios,611.0616043505104,123,753.9185088887393,,,shared_all_anomaly_strengths
TR,0,72,4697794938409790858,gateway_calibration,sweep:anomaly_pair:shared_scenarios,575.8756888420639,111,753.9185088887393,,,shared_all_anomaly_strengths
TR,0,73,6582019303472037237,gateway_calibration,sweep:anomaly_pair:shared_scenarios,592.8893109605115,105,753.9185088887393,,,shared_all_anomaly_strengths
TR,0,74,300672792335245350,gateway_calibration,sweep:anomaly_pair:shared_scenarios,534.1781655539372,105,753.9185088887393,,,shared_all_anomaly_strengths
TR,0,75,5751946339530838054,gateway_calibration,sweep:anomaly_pair:shared_scenarios,653.2239247922956,124,753.9185088887393,,,shared_all_anomaly_strengths
TR,0,76,961439938750258285,gateway_calibration,sweep:anomaly_pair:shared_scenarios,719.4507782220323,134,753.9185088887393,,,shared_all_anomaly_strengths
TR,0,77,3257887825763507863,gateway_calibration,sweep:anomaly_pair:shared_scenarios,514.8389385445942,99,753.9185088887393,,,shared_all_anomaly_strengths
TR,0,78,8166365252455630432,gateway_calibration,sweep:anomaly_pair:shared_scenarios,695.9980267012362,114,753.9185088887393,,,shared_all_anomaly_strengths
TR,0,79,2849578758725429319,gateway_calibration,sweep:anomaly_pair:shared_scenarios,621.3771422682102,104,753.9185088887393,,,shared_all_anomaly_strengths
TR,0,80,5847011703168282323,gateway_calibration,sweep:anomaly_pair:shared_scenarios,742.6368500632461,128,753.9185088887393,,,shared_all_anomaly_strengths
TR,0,81,7858864668525583430,gateway_calibration,sweep:anomaly_pair:shared_scenarios,491.82841097893146,94,753.9185088887393,,,shared_all_anomaly_strengths
TR,0,82,268940495404723730,gateway_calibration,sweep:anomaly_pair:shared_scenarios,404.020993203105,92,753.9185088887393,,,shared_all_anomaly_strengths
TR,0,83,4400655767576069724,gateway_calibration,sweep:anomaly_pair:shared_scenarios,698.7785700534741,121,753.9185088887393,,,shared_all_anomaly_strengths
TR,0,84,7359957410266699792,gateway_calibration,sweep:anomaly_pair:shared_scenarios,561.2895287753906,116,753.9185088887393,,,shared_all_anomaly_strengths
TR,0,85,4731760846268061734,gateway_calibration,sweep:anomaly_pair:shared_scenarios,555.7990842903982,106,753.9185088887393,,,shared_all_anomaly_strengths
TR,0,86,1992618809938800466,gateway_calibration,sweep:anomaly_pair:shared_scenarios,590.7501317927531,121,753.9185088887393,,,shared_all_anomaly_strengths
TR,0,87,8403004296001441656,gateway_calibration,sweep:anomaly_pair:shared_scenarios,653.6467853222474,115,753.9185088887393,,,shared_all_anomaly_strengths
TR,0,88,5944369264469843788,gateway_calibration,sweep:anomaly_pair:shared_scenarios,654.7694482413283,121,753.9185088887393,,,shared_all_anomaly_strengths
TR,0,89,216637230108974742,gateway_calibration,sweep:anomaly_pair:shared_scenarios,581.5327308712443,111,753.9185088887393,,,shared_all_anomaly_strengths
TR,0,90,896283027553350313,gateway_calibration,sweep:anomaly_pair:shared_scenarios,621.8372434092028,123,753.9185088887393,,,shared_all_anomaly_strengths
TR,0,91,2129979059599230336,gateway_calibration,sweep:anomaly_pair:shared_scenarios,562.5562787656373,108,753.9185088887393,,,shared_all_anomaly_strengths
TR,0,92,8440158530804782812,gateway_calibration,sweep:anomaly_pair:shared_scenarios,721.7774709187672,112,753.9185088887393,,,shared_all_anomaly_strengths
TR,0,93,2515105766560126937,gateway_calibration,sweep:anomaly_pair:shared_scenarios,584.0541485229927,102,753.9185088887393,,,shared_all_anomaly_strengths
TR,0,94,7871536140642585085,gateway_calibration,sweep:anomaly_pair:shared_scenarios,503.54090343245304,91,753.9185088887393,,,shared_all_anomaly_strengths
TR,0,95,5141400087580602088,gateway_calibration,sweep:anomaly_pair:shared_scenarios,627.2102617964172,122,753.9185088887393,,,shared_all_anomaly_strengths
TR,0,96,8112959400662868633,gateway_calibration,sweep:anomaly_pair:shared_scenarios,433.5541668035823,94,753.9185088887393,,,shared_all_anomaly_strengths
TR,0,97,1078891354826946508,gateway_calibration,sweep:anomaly_pair:shared_scenarios,553.9376369132856,109,753.9185088887393,,,shared_all_anomaly_strengths
TR,0,98,2726858539062778841,gateway_calibration,sweep:anomaly_pair:shared_scenarios,505.41447795741595,92,753.9185088887393,,,shared_all_anomaly_strengths
TR,0,99,4880208515358931166,gateway_calibration,sweep:anomaly_pair:shared_scenarios,630.1903617263393,109,753.9185088887393,,,shared_all_anomaly_strengths
TR,0,100,9112943947571933379,gateway_calibration,sweep:anomaly_pair:shared_scenarios,624.898266873952,121,753.9185088887393,,,shared_all_anomaly_strengths
TR,0,101,4842620908627243129,gateway_calibration,sweep:anomaly_pair:shared_scenarios,549.4686924550955,105,753.9185088887393,,,shared_all_anomaly_strengths
TR,0,102,9221364585446048791,gateway_calibration,sweep:anomaly_pair:shared_scenarios,577.2772318704133,117,753.9185088887393,,,shared_all_anomaly_strengths
TR,0,103,3494744169553416929,gateway_calibration,sweep:anomaly_pair:shared_scenarios,620.3617589361844,106,753.9185088887393,,,shared_all_anomaly_strengths
TR,0,104,7233638741406416371,gateway_calibration,sweep:anomaly_pair:shared_scenarios,659.3711464954596,112,753.9185088887393,,,shared_all_anomaly_strengths
TR,0,105,3641336694656935735,gateway_calibration,sweep:anomaly_pair:shared_scenarios,580.7494862537582,108,753.9185088887393,,,shared_all_anomaly_strengths
TR,0,106,3835715673444251126,gateway_calibration,sweep:anomaly_pair:shared_scenarios,675.4735898492796,116,753.9185088887393,,,shared_all_anomaly_strengths
TR,0,107,2714185319899586904,gateway_calibration,sweep:anomaly_pair:shared_scenarios,790.2122105878914,132,753.9185088887393,,,shared_all_anomaly_strengths
TR,0,108,7065677078823521164,gateway_calibration,sweep:anomaly_pair:shared_scenarios,651.250748375961,119,753.9185088887393,,,shared_all_anomaly_strengths
TR,0,109,1054405605846734754,gateway_calibration,sweep:anomaly_pair:shared_scenarios,770.156722046773,135,753.9185088887393,,,shared_all_anomaly_strengths
TR,0,110,2962441662239683096,gateway_calibration,sweep:anomaly_pair:shared_scenarios,750.9855524034301,135,753.9185088887393,,,shared_all_anomaly_strengths
TR,0,111,4129263628419206857,gateway_calibration,sweep:anomaly_pair:shared_scenarios,594.5705846723472,111,753.9185088887393,,,shared_all_anomaly_strengths
TR,0,112,1622360177596404131,gateway_calibration,sweep:anomaly_pair:shared_scenarios,593.5343781122021,109,753.9185088887393,,,shared_all_anomaly_strengths
TR,0,113,2330463691884836340,gateway_calibration,sweep:anomaly_pair:shared_scenarios,557.054776237952,114,753.9185088887393,,,shared_all_anomaly_strengths
TR,0,114,2652712276700624970,gateway_calibration,sweep:anomaly_pair:shared_scenarios,544.2389633174192,115,753.9185088887393,,,shared_all_anomaly_strengths
TR,0,115,6210151626445176008,gateway_calibration,sweep:anomaly_pair:shared_scenarios,568.4855382974647,114,753.9185088887393,,,shared_all_anomaly_strengths
TR,0,116,5484880361464436307,gateway_calibration,sweep:anomaly_pair:shared_scenarios,684.5564166422631,125,753.9185088887393,,,shared_all_anomaly_strengths
TR,0,117,9083936004600730053,gateway_calibration,sweep:anomaly_pair:shared_scenarios,481.4349837577184,94,753.9185088887393,,,shared_all_anomaly_strengths
TR,0,118,7499139004400980353,gateway_calibration,sweep:anomaly_pair:shared_scenarios,567.1870876794611,115,753.9185088887393,,,shared_all_anomaly_strengths
TR,0,119,426229976672197883,gateway_calibration,sweep:anomaly_pair:shared_scenarios,608.4341089932648,119,753.9185088887393,,,shared_all_anomaly_strengths
TR,0,120,246508369912879822,gateway_calibration,sweep:anomaly_pair:shared_scenarios,683.4656906364747,107,753.9185088887393,,,shared_all_anomaly_strengths
TR,0,121,2652398091327796019,gateway_calibration,sweep:anomaly_pair:shared_scenarios,591.2993226900516,111,753.9185088887393,,,shared_all_anomaly_strengths
TR,0,122,5503532496059794744,gateway_calibration,sweep:anomaly_pair:shared_scenarios,555.4831998266344,115,753.9185088887393,,,shared_all_anomaly_strengths
TR,0,123,8329007375693140607,gateway_calibration,sweep:anomaly_pair:shared_scenarios,597.8249750729193,114,753.9185088887393,,,shared_all_anomaly_strengths
TR,0,124,4366984316536531468,gateway_calibration,sweep:anomaly_pair:shared_scenarios,535.3537603719449,120,753.9185088887393,,,shared_all_anomaly_strengths
TR,0,125,6198917521197951328,gateway_calibration,sweep:anomaly_pair:shared_scenarios,589.693183102813,118,753.9185088887393,,,shared_all_anomaly_strengths
TR,0,126,3901305802510177060,gateway_calibration,sweep:anomaly_pair:shared_scenarios,547.4024871993198,113,753.9185088887393,,,shared_all_anomaly_strengths
TR,0,127,3651935198066528014,gateway_calibration,sweep:anomaly_pair:shared_scenarios,517.4082554059493,102,753.9185088887393,,,shared_all_anomaly_strengths
TR,0,128,3665222385996101800,gateway_calibration,sweep:anomaly_pair:shared_scenarios,500.0790994995763,121,753.9185088887393,,,shared_all_anomaly_strengths
TR,0,129,3695450124233607618,gateway_calibration,sweep:anomaly_pair:shared_scenarios,672.7122973531285,111,753.9185088887393,,,shared_all_anomaly_strengths
TR,0,130,4507573490889405567,gateway_calibration,sweep:anomaly_pair:shared_scenarios,651.0595389070115,116,753.9185088887393,,,shared_all_anomaly_strengths
TR,0,131,6622006059011695217,gateway_calibration,sweep:anomaly_pair:shared_scenarios,522.7633377466917,113,753.9185088887393,,,shared_all_anomaly_strengths
TR,0,132,1072149559379176970,gateway_calibration,sweep:anomaly_pair:shared_scenarios,675.9610920859277,110,753.9185088887393,,,shared_all_anomaly_strengths
TR,0,133,2236710786858836466,gateway_calibration,sweep:anomaly_pair:shared_scenarios,577.544939136551,115,753.9185088887393,,,shared_all_anomaly_strengths
TR,0,134,4061241335305450115,gateway_calibration,sweep:anomaly_pair:shared_scenarios,492.1785778874179,115,753.9185088887393,,,shared_all_anomaly_strengths
TR,0,135,4458267631564501530,gateway_calibration,sweep:anomaly_pair:shared_scenarios,614.1158419731163,118,753.9185088887393,,,shared_all_anomaly_strengths
TR,0,136,4602541395243770802,gateway_calibration,sweep:anomaly_pair:shared_scenarios,516.2247483324583,109,753.9185088887393,,,shared_all_anomaly_strengths
TR,0,137,8154260143710516340,gateway_calibration,sweep:anomaly_pair:shared_scenarios,605.0328645444806,118,753.9185088887393,,,shared_all_anomaly_strengths
TR,0,138,7114745814847013655,gateway_calibration,sweep:anomaly_pair:shared_scenarios,555.7723105126356,114,753.9185088887393,,,shared_all_anomaly_strengths
TR,0,139,7504069718206669675,gateway_calibration,sweep:anomaly_pair:shared_scenarios,584.4738757735537,101,753.9185088887393,,,shared_all_anomaly_strengths
TR,0,140,2484320023919988263,gateway_calibration,sweep:anomaly_pair:shared_scenarios,673.6334059873556,112,753.9185088887393,,,shared_all_anomaly_strengths
TR,0,141,5967893154890299710,gateway_calibration,sweep:anomaly_pair:shared_scenarios,642.35898502291,107,753.9185088887393,,,shared_all_anomaly_strengths
TR,0,142,8551485174213736670,gateway_calibration,sweep:anomaly_pair:shared_scenarios,620.9393457409687,110,753.9185088887393,,,shared_all_anomaly_strengths
TR,0,143,400428821000820213,gateway_calibration,sweep:anomaly_pair:shared_scenarios,690.6470496712581,122,753.9185088887393,,,shared_all_anomaly_strengths
TR,0,144,4671208357574952400,gateway_calibration,sweep:anomaly_pair:shared_scenarios,651.9514960738558,116,753.9185088887393,,,shared_all_anomaly_strengths
TR,0,145,2717424151482641221,gateway_calibration,sweep:anomaly_pair:shared_scenarios,626.9026622761323,117,753.9185088887393,,,shared_all_anomaly_strengths
TR,0,146,7103388310734235320,gateway_calibration,sweep:anomaly_pair:shared_scenarios,733.1188716828937,118,753.9185088887393,,,shared_all_anomaly_strengths
TR,0,147,6613689040717774173,gateway_calibration,sweep:anomaly_pair:shared_scenarios,566.2692610444878,110,753.9185088887393,,,shared_all_anomaly_strengths
TR,0,148,3013865715162790417,gateway_calibration,sweep:anomaly_pair:shared_scenarios,599.4692759894338,111,753.9185088887393,,,shared_all_anomaly_strengths
TR,0,149,5411062845189856806,gateway_calibration,sweep:anomaly_pair:shared_scenarios,531.0286681142485,108,753.9185088887393,,,shared_all_anomaly_strengths
TR,0,150,753526066345137121,gateway_calibration,sweep:anomaly_pair:shared_scenarios,737.7291522687378,120,753.9185088887393,,,shared_all_anomaly_strengths
TR,0,151,5517788874787541446,gateway_calibration,sweep:anomaly_pair:shared_scenarios,790.6846268617509,135,753.9185088887393,,,shared_all_anomaly_strengths
TR,0,152,3012173983135274094,gateway_calibration,sweep:anomaly_pair:shared_scenarios,545.4120276124856,119,753.9185088887393,,,shared_all_anomaly_strengths
TR,0,153,7525768142714343326,gateway_calibration,sweep:anomaly_pair:shared_scenarios,589.5102223562933,119,753.9185088887393,,,shared_all_anomaly_strengths
TR,0,154,5795757086317543101,gateway_calibration,sweep:anomaly_pair:shared_scenarios,659.8095937781266,102,753.9185088887393,,,shared_all_anomaly_strengths
TR,0,155,1489560090090177220,gateway_calibration,sweep:anomaly_pair:shared_scenarios,653.0103127388292,123,753.9185088887393,,,shared_all_anomaly_strengths
TR,0,156,5650023223194757707,gateway_calibration,sweep:anomaly_pair:shared_scenarios,653.947708863868,112,753.9185088887393,,,shared_all_anomaly_strengths
TR,0,157,9095396682315926676,gateway_calibration,sweep:anomaly_pair:shared_scenarios,682.6588337403739,120,753.9185088887393,,,shared_all_anomaly_strengths
TR,0,158,3646421855625731332,gateway_calibration,sweep:anomaly_pair:shared_scenarios,589.7863803887586,99,753.9185088887393,,,shared_all_anomaly_strengths
TR,0,159,2731180400104840963,gateway_calibration,sweep:anomaly_pair:shared_scenarios,602.387137992419,106,753.9185088887393,,,shared_all_anomaly_strengths
TR,0,160,6525253475390859142,gateway_calibration,sweep:anomaly_pair:shared_scenarios,578.2234747848373,126,753.9185088887393,,,shared_all_anomaly_strengths
TR,0,161,5342702562007933787,gateway_calibration,sweep:anomaly_pair:shared_scenarios,506.31695450068696,108,753.9185088887393,,,shared_all_anomaly_strengths
TR,0,162,1696163523599298321,gateway_calibration,sweep:anomaly_pair:shared_scenarios,613.5622070108367,114,753.9185088887393,,,shared_all_anomaly_strengths
TR,0,163,3743667071636317329,gateway_calibration,sweep:anomaly_pair:shared_scenarios,614.0179479692787,114,753.9185088887393,,,shared_all_anomaly_strengths
TR,0,164,1703215274657857080,gateway_calibration,sweep:anomaly_pair:shared_scenarios,581.7464943292459,99,753.9185088887393,,,shared_all_anomaly_strengths
TR,0,165,3749419661803877216,gateway_calibration,sweep:anomaly_pair:shared_scenarios,447.7859016019002,80,753.9185088887393,,,shared_all_anomaly_strengths
TR,0,166,1022849663340299120,gateway_calibration,sweep:anomaly_pair:shared_scenarios,592.8687233609768,101,753.9185088887393,,,shared_all_anomaly_strengths
TR,0,167,812573164251080741,gateway_calibration,sweep:anomaly_pair:shared_scenarios,782.8580658611216,134,753.9185088887393,,,shared_all_anomaly_strengths
TR,0,168,9181789161802016476,gateway_calibration,sweep:anomaly_pair:shared_scenarios,603.8159491669776,121,753.9185088887393,,,shared_all_anomaly_strengths
TR,0,169,41852731993844740,gateway_calibration,sweep:anomaly_pair:shared_scenarios,574.1816865313491,127,753.9185088887393,,,shared_all_anomaly_strengths
TR,0,170,2160723943465049599,gateway_calibration,sweep:anomaly_pair:shared_scenarios,766.136088795561,128,753.9185088887393,,,shared_all_anomaly_strengths
TR,0,171,4956274529951239709,gateway_calibration,sweep:anomaly_pair:shared_scenarios,670.895431941046,117,753.9185088887393,,,shared_all_anomaly_strengths
TR,0,172,6793317195616864064,gateway_calibration,sweep:anomaly_pair:shared_scenarios,753.189963837131,128,753.9185088887393,,,shared_all_anomaly_strengths
TR,0,173,4303638152728383403,gateway_calibration,sweep:anomaly_pair:shared_scenarios,614.0674927447334,110,753.9185088887393,,,shared_all_anomaly_strengths
TR,0,174,7314201943706610406,gateway_calibration,sweep:anomaly_pair:shared_scenarios,558.0107755970884,105,753.9185088887393,,,shared_all_anomaly_strengths
TR,0,175,1512635151930618621,gateway_calibration,sweep:anomaly_pair:shared_scenarios,594.1561918900564,111,753.9185088887393,,,shared_all_anomaly_strengths
TR,0,176,8308315004410766501,gateway_calibration,sweep:anomaly_pair:shared_scenarios,623.1677535360162,117,753.9185088887393,,,shared_all_anomaly_strengths
TR,0,177,8366281085404403237,gateway_calibration,sweep:anomaly_pair:shared_scenarios,651.6773018605771,112,753.9185088887393,,,shared_all_anomaly_strengths
TR,0,178,3431044729523368993,gateway_calibration,sweep:anomaly_pair:shared_scenarios,548.6868077799988,117,753.9185088887393,,,shared_all_anomaly_strengths
TR,0,179,2007998228956077302,gateway_calibration,sweep:anomaly_pair:shared_scenarios,597.6348380639613,99,753.9185088887393,,,shared_all_anomaly_strengths
TR,0,180,8751753062912985555,gateway_calibration,sweep:anomaly_pair:shared_scenarios,559.7252883718443,114,753.9185088887393,,,shared_all_anomaly_strengths
TR,0,181,6021098798304103526,gateway_calibration,sweep:anomaly_pair:shared_scenarios,549.2836891165667,120,753.9185088887393,,,shared_all_anomaly_strengths
TR,0,182,6935358694610535876,gateway_calibration,sweep:anomaly_pair:shared_scenarios,629.9650306523683,121,753.9185088887393,,,shared_all_anomaly_strengths
TR,0,183,8750411618794352639,gateway_calibration,sweep:anomaly_pair:shared_scenarios,591.9217023582047,105,753.9185088887393,,,shared_all_anomaly_strengths
TR,0,184,5456778154641903347,gateway_calibration,sweep:anomaly_pair:shared_scenarios,725.2102432814985,125,753.9185088887393,,,shared_all_anomaly_strengths
TR,0,185,1287740648467288647,gateway_calibration,sweep:anomaly_pair:shared_scenarios,585.8908751782618,125,753.9185088887393,,,shared_all_anomaly_strengths
TR,0,186,5407093370613870835,gateway_calibration,sweep:anomaly_pair:shared_scenarios,683.994229082566,125,753.9185088887393,,,shared_all_anomaly_strengths
TR,0,187,3818214081160493,gateway_calibration,sweep:anomaly_pair:shared_scenarios,605.8558562740751,118,753.9185088887393,,,shared_all_anomaly_strengths
TR,0,188,4306571545613910018,gateway_calibration,sweep:anomaly_pair:shared_scenarios,538.9042051159059,105,753.9185088887393,,,shared_all_anomaly_strengths
TR,0,189,1959307662180969903,gateway_calibration,sweep:anomaly_pair:shared_scenarios,603.1038679708475,107,753.9185088887393,,,shared_all_anomaly_strengths
TR,0,190,4992208587719153238,gateway_calibration,sweep:anomaly_pair:shared_scenarios,508.0644295173496,119,753.9185088887393,,,shared_all_anomaly_strengths
TR,0,191,5365441848557421041,gateway_calibration,sweep:anomaly_pair:shared_scenarios,619.1445900885985,121,753.9185088887393,,,shared_all_anomaly_strengths
TR,0,192,1408715418700674555,gateway_calibration,sweep:anomaly_pair:shared_scenarios,499.62266104827455,101,753.9185088887393,,,shared_all_anomaly_strengths
TR,0,193,8108843531229667530,gateway_calibration,sweep:anomaly_pair:shared_scenarios,617.2243298020253,115,753.9185088887393,,,shared_all_anomaly_strengths
TR,0,194,5355952040063825204,gateway_calibration,sweep:anomaly_pair:shared_scenarios,630.0029367020452,120,753.9185088887393,,,shared_all_anomaly_strengths
TR,0,195,3749598425399707804,gateway_calibration,sweep:anomaly_pair:shared_scenarios,547.7219639388483,97,753.9185088887393,,,shared_all_anomaly_strengths
TR,0,196,2149480101104034459,gateway_calibration,sweep:anomaly_pair:shared_scenarios,840.7305638318719,114,753.9185088887393,,,shared_all_anomaly_strengths
TR,0,197,2249485913525693031,gateway_calibration,sweep:anomaly_pair:shared_scenarios,731.9102244436036,140,753.9185088887393,,,shared_all_anomaly_strengths
TR,0,198,7943041684628071969,gateway_calibration,sweep:anomaly_pair:shared_scenarios,770.1088948545072,126,753.9185088887393,,,shared_all_anomaly_strengths
TR,0,199,5498905627511140374,gateway_calibration,sweep:anomaly_pair:shared_scenarios,667.096125186428,132,753.9185088887393,,,shared_all_anomaly_strengths
